subject,matched_objects_absolute,featuregraph_only_objects_absolute,llm_only_objects_absolute,featuregraph_complete_objects_absolute,llm_complete_objects_absolute,featuregraph_matched_fraction_absolute,llm_matched_fraction_absolute,median_absolute_start_index_error_absolute,maximum_absolute_start_index_error_absolute,median_absolute_peak_index_error_absolute,maximum_absolute_peak_index_error_absolute,median_absolute_end_index_error_absolute,maximum_absolute_end_index_error_absolute,median_absolute_period_seconds_error_absolute,maximum_absolute_period_seconds_error_absolute,median_absolute_full_excursion_error_absolute,maximum_absolute_full_excursion_error_absolute,median_absolute_temporal_symmetry_error_absolute,maximum_absolute_temporal_symmetry_error_absolute,featuregraph_mean_period_seconds_absolute,llm_mean_period_seconds_absolute,featuregraph_mean_full_excursion_absolute,llm_mean_full_excursion_absolute,featuregraph_mean_temporal_symmetry_absolute,llm_mean_temporal_symmetry_absolute,samples_absolute,featuregraph_detected_peaks_absolute,llm_detected_peaks_absolute,featuregraph_partial_objects_absolute,llm_partial_objects_absolute,median_signed_start_index_difference_absolute,median_signed_peak_index_difference_absolute,median_signed_end_index_difference_absolute,median_signed_period_seconds_difference_absolute,median_signed_full_excursion_difference_absolute,median_signed_temporal_symmetry_difference_absolute,featuregraph_only_excluded_by_both_annotators_absolute,matched_objects_mad,featuregraph_only_objects_mad,llm_only_objects_mad,featuregraph_complete_objects_mad,llm_complete_objects_mad,featuregraph_matched_fraction_mad,llm_matched_fraction_mad,median_absolute_start_index_error_mad,maximum_absolute_start_index_error_mad,median_absolute_peak_index_error_mad,maximum_absolute_peak_index_error_mad,median_absolute_end_index_error_mad,maximum_absolute_end_index_error_mad,median_absolute_period_seconds_error_mad,maximum_absolute_period_seconds_error_mad,median_absolute_full_excursion_error_mad,maximum_absolute_full_excursion_error_mad,median_absolute_temporal_symmetry_error_mad,maximum_absolute_temporal_symmetry_error_mad,featuregraph_mean_period_seconds_mad,llm_mean_period_seconds_mad,featuregraph_mean_full_excursion_mad,llm_mean_full_excursion_mad,featuregraph_mean_temporal_symmetry_mad,llm_mean_temporal_symmetry_mad,featuregraph_scaling,samples_mad,featuregraph_detected_peaks_mad,llm_detected_peaks_mad,featuregraph_partial_objects_mad,llm_partial_objects_mad,median_signed_start_index_difference_mad,median_signed_peak_index_difference_mad,median_signed_end_index_difference_mad,median_signed_period_seconds_difference_mad,median_signed_full_excursion_difference_mad,median_signed_temporal_symmetry_difference_mad,featuregraph_only_excluded_by_both_annotators_mad,delta_featuregraph_complete_objects,delta_matched_objects,delta_featuregraph_only_objects,delta_llm_only_objects,delta_featuregraph_matched_fraction,delta_llm_matched_fraction
1.0,169.0,5.0,0.0,174.0,169.0,0.971264367816092,1.0,53.0,191.0,10.0,29.0,53.0,191.0,0.04,1.336,0.0048869999999999,0.42815,0.2496796442976685,0.5557813542980049,2.8018571428571426,2.821285714285714,0.8961346437869823,0.9027111467455624,0.5960787684944024,0.8437828070786153,60001.0,175.0,170.0,2.0,1.0,53.0,9.0,53.0,-0.008,0.0,-0.2496796442976685,2.0,169.0,5.0,0.0,174.0,169.0,0.971264367816092,1.0,53.0,191.0,10.0,29.0,53.0,191.0,0.04,1.336,0.0048869999999998,0.42815,0.2496796442976685,0.5557813542980049,2.8018571428571426,2.821285714285714,0.8961346437869823,0.9027111467455624,0.5960787684944024,0.8437828070786153,mad,60001,175,170,2,1,53.0,9.0,53.0,-0.008,1.1102230246251563e-16,-0.2496796442976685,2,0.0,0.0,0.0,0.0,0.0,0.0
2.0,121.0,33.0,0.0,154.0,121.0,0.7857142857142857,1.0,177.0,290.0,12.0,35.0,166.0,247.0,0.1200000000000001,3.528,0.0147599999999998,0.3948309999999999,0.1472073072887737,0.5581460674157303,3.342611570247933,3.8737190082644624,1.1103397024793389,1.136485550413223,0.5483338925571912,0.7172748489688154,60001.0,154.0,124.0,2.0,0.0,177.0,-9.0,164.0,-0.056,0.0,-0.145724660387444,29.0,121.0,136.0,0.0,257.0,121.0,0.4708171206225681,1.0,165.0,273.0,9.0,33.0,65.0,234.0,2.184,3.576,0.01353,0.3948309999999999,0.1100187999373334,0.5244877210818769,2.00396694214876,3.8737190082644624,1.1140608429752066,1.136485550413223,0.7381096179474191,0.7172748489688154,mad,60001,257,124,2,0,165.0,-3.0,65.0,-2.184,0.0,0.0521790065604499,134,103.0,0.0,103.0,0.0,-0.3148971650917176,0.0
3.0,80.0,71.0,59.0,151.0,139.0,0.5298013245033113,0.5755395683453237,135.5,226.0,38.5,63.0,122.0,1579.0,0.248,3.464,0.0048849999999999,0.17107,0.5408647476122779,0.9134681711302106,2.9089,3.379,0.559224975,0.5634774374999999,0.3100593025414419,0.8645772372770584,60001.0,152.0,142.0,2.0,0.0,135.5,-38.5,122.0,-0.0799999999999998,0.0,-0.5408647476122779,63.0,139.0,19.0,0.0,158.0,139.0,0.879746835443038,1.0,88.0,278.0,6.0,59.0,86.0,209.0,0.0879999999999996,3.392,0.00586,0.1671600000000001,0.2600766353434905,0.7460687918892254,3.0837410071942446,3.362187050359712,0.5223876115107913,0.5252780935251798,0.6081137271535265,0.8722383289992784,mad,60001,159,142,2,0,88.0,-3.0,86.0,-0.032,0.0,-0.2600766353434905,17,7.0,59.0,-52.0,-59.0,0.3499455109397267,0.4244604316546763
4.0,130.0,5.0,1.0,135.0,131.0,0.9629629629629628,0.9923664122137404,126.5,432.0,16.0,30.0,126.5,729.0,0.032,3.968,0.0060199999999999,0.06024,0.5353364196567918,0.8616899800171283,3.5405538461538466,3.6127384615384615,0.5138791846153846,0.5146905461538462,0.2544558346712495,0.7736478477426361,60001.0,136.0,133.0,2.0,1.0,126.5,16.0,126.5,-0.008,0.0,-0.5353364196567918,3.0,131.0,141.0,0.0,272.0,131.0,0.4816176470588235,1.0,83.0,412.0,21.0,42.0,54.0,272.0,2.152,3.368,0.00301,0.0843399999999999,0.2169678909978191,0.6000947608723743,1.8734656488549617,3.6139236641221375,0.5096115038167939,0.5131068473282443,0.5600877901935885,0.7749112807087429,mad,60001,273,133,2,1,83.0,21.0,44.0,-2.152,0.0,-0.2169678909978191,139,137.0,1.0,136.0,-1.0,-0.4813453159041393,0.007633587786259555
5.0,1.0,58.0,78.0,59.0,79.0,0.0169491525423728,0.0126582278481012,731.0,731.0,44.0,44.0,231.0,231.0,0.8479999999999999,0.8479999999999999,0.0,0.0,0.0720915332516487,0.0720915332516487,8.824,7.976,1.0,1.0,0.2622309197651663,0.334322453016815,60001.0,59.0,79.0,2.0,0.0,731.0,-44.0,231.0,0.8479999999999999,0.0,-0.0720915332516487,37.0,35.0,353.0,44.0,388.0,79.0,0.0902061855670103,0.4430379746835443,627.0,1136.0,25.0,60.0,147.0,425.0,5.768000000000001,9.848,0.2072299999999999,0.25317,0.266227449048704,0.7884957062481494,0.7933714285714284,6.866823529411765,0.1419342857142857,0.325736,0.6790891374427405,0.4700652258487857,mad,60001,388,79,2,0,627.0,-1.0,-83.0,-5.768000000000001,-0.2072299999999999,0.2349155269509252,325,329.0,34.0,295.0,-34.0,0.07325703302463749,0.43037974683544306
6.0,159.0,24.0,0.0,183.0,159.0,0.8688524590163934,1.0,65.0,211.0,8.0,27.0,64.0,221.0,0.036,3.12,0.0,0.25611,0.3328166457198714,0.687551867219917,2.7563037974683544,2.9995443037974683,0.8880285056603773,0.9070562911949686,0.4668295494072268,0.7961132632122365,60001.0,184.0,159.0,2.0,0.0,65.0,7.0,64.0,0.0,0.0,-0.3315217391304348,22.0,159.0,39.0,0.0,198.0,159.0,0.803030303030303,1.0,62.0,208.0,9.0,29.0,58.0,223.0,0.048,3.128,1.1102230246251563e-16,0.2561099999999999,0.3082386830734425,0.6618615801542631,2.564607594936709,2.9995443037974683,0.889005989937107,0.9070562911949686,0.5040712697157091,0.7961132632122365,mad,60001,198,159,2,0,62.0,9.0,57.0,-0.008,0.0,-0.3071965628356606,37,15.0,0.0,15.0,0.0,-0.06582215598609042,0.0
7.0,157.0,34.0,0.0,191.0,157.0,0.8219895287958116,1.0,159.0,214.0,3.0,19.0,151.0,196.0,0.064,2.3360000000000003,0.0,0.17595,0.3529984277906716,0.6509232252693614,2.621248407643312,2.986496815286624,0.9861342146496814,0.9946890481528662,0.4254172482655603,0.79059290855984,60001.0,192.0,161.0,2.0,1.0,159.0,-1.0,151.0,-0.024,0.0,-0.3529984277906716,32.0,157.0,155.0,0.0,312.0,157.0,0.5032051282051282,1.0,152.0,211.0,4.0,24.0,71.0,158.0,1.904,2.4800000000000004,0.0,0.1231699999999998,0.1971509971509972,0.6241693270413202,1.32,2.986496815286624,0.9865886732484076,0.9946890481528662,0.558731425037263,0.79059290855984,mad,60001,313,161,2,1,152.0,2.0,71.0,-1.904,0.0,-0.1971509971509972,152,121.0,0.0,121.0,0.0,-0.31878440059068336,0.0
8.0,168.0,1.0,0.0,169.0,168.0,0.9940828402366864,1.0,188.5,275.0,7.0,17.0,188.5,275.0,0.032,0.2319999999999997,0.00488,0.04301,0.4047931111013177,0.7837263060564031,2.828904761904762,2.827714285714286,0.4248473809523809,0.427494880952381,0.3067431251065899,0.7302678553840687,60001.0,170.0,169.0,2.0,0.0,188.5,7.0,188.5,0.0,0.0,-0.4047931111013177,0.0,168.0,273.0,0.0,441.0,168.0,0.3809523809523809,1.0,175.5,264.0,17.0,27.0,42.5,116.0,1.808,2.664,0.0048799999999999,0.04301,0.0952743184527094,0.5486663133721957,1.1084761904761904,2.827714285714286,0.4248124404761905,0.427494880952381,0.6946918270995016,0.7302678553840687,mad,60001,441,169,2,0,175.5,17.0,42.5,-1.808,-5.551115123125783e-17,-0.0196947081487247,271,272.0,0.0,272.0,0.0,-0.6131304592843054,0.0
9.0,55.0,0.0,103.0,55.0,158.0,1.0,0.3481012658227848,211.0,248.0,12.0,37.0,235.0,3957.0,0.1480000000000001,29.848,0.00391,0.0449699999999999,0.6689915846526886,0.9826071964626182,8.336,2.997963636363637,0.2688705454545454,0.261442,0.0502276216162681,0.7592011103690813,60001.0,56.0,159.0,2.0,0.0,211.0,-12.0,235.0,0.1480000000000001,0.0039099999999999,-0.6689915846526886,0.0,158.0,138.0,0.0,296.0,158.0,0.5337837837837838,1.0,164.0,185.0,21.0,26.0,88.5,183.0,1.6,2.184,0.00293,0.01173,0.0864503197479859,0.5361896708321588,1.64,2.9996455696202533,0.2607434810126582,0.2615044936708861,0.655981177984529,0.7375595269035735,mad,60001,297,159,2,0,164.0,21.0,88.5,-1.6,-5.551115123125783e-17,-0.0484506352305269,137,241.0,103.0,138.0,-103.0,-0.46621621621621623,0.6518987341772152
10.0,145.0,13.0,3.0,158.0,148.0,0.9177215189873418,0.9797297297297296,59.0,377.0,9.0,59.0,59.0,411.0,0.04,3.112,0.0058199999999999,0.97475,0.2607550482879719,0.8321678321678322,3.076388888888889,3.2271666666666667,0.7907998958620689,0.8271176620689655,0.5036829792496544,0.8107144416002479,60001.0,159.0,148.0,2.0,0.0,59.0,7.0,59.0,-0.008,0.0,-0.2607550482879719,12.0,148.0,7.0,0.0,155.0,148.0,0.9548387096774194,1.0,49.0,372.0,13.0,49.0,48.0,372.0,0.032,3.144,0.0058199999999999,0.97475,0.1882211854391806,0.8163788592360021,3.124571428571429,3.226666666666667,0.7879688506756757,0.8213724864864865,0.5984682721368589,0.8114067230378463,mad,60001,156,148,2,0,49.0,11.5,47.5,-0.008,0.0,-0.1847035488992729,6,-3.0,3.0,-6.0,-3.0,0.03711719069007757,0.020270270270270396
11.0,111.0,28.0,5.0,139.0,116.0,0.7985611510791367,0.956896551724138,80.0,351.0,23.0,61.0,80.0,351.0,0.1760000000000001,4.448,0.01711,0.2982899999999999,0.4331050228310502,0.820982611739993,3.581890909090909,4.043563636363637,0.6657850900900901,0.6999267567567569,0.3445471941692539,0.7755662794777882,60001.0,140.0,119.0,2.0,1.0,80.0,-20.0,77.0,-0.072,-0.00734,-0.4331050228310502,22.0,116.0,67.0,0.0,183.0,116.0,0.6338797814207651,1.0,61.5,335.0,10.0,43.0,60.0,510.0,0.2400000000000002,5.5600000000000005,0.01956,0.29829,0.271466671238557,0.8107142857142857,2.834896551724138,4.039373913043479,0.6531274137931035,0.6960409913793104,0.5053232295856299,0.7756968392156874,mad,60001,184,119,2,1,61.5,-2.0,51.5,-0.1679999999999992,-0.01712,-0.2681592506958978,53,44.0,5.0,39.0,-5.0,-0.16468136965837166,0.04310344827586199
12.0,150.0,3.0,0.0,153.0,150.0,0.9803921568627452,1.0,72.5,178.0,6.0,16.0,72.0,178.0,0.0279999999999998,2.76,0.0,0.093839,0.3448712168173021,0.7544622295690139,3.13632,3.1696000000000004,0.8490391066666666,0.85309918,0.5446936768788627,0.8913669501198175,60001.0,154.0,151.0,2.0,0.0,72.5,5.0,72.0,0.0,0.0,-0.3448712168173021,2.0,150.0,3.0,0.0,153.0,150.0,0.9803921568627452,1.0,71.0,178.0,6.0,17.0,71.0,178.0,0.032,2.76,1.1102230246251563e-16,0.0938389999999999,0.3368722186904005,0.737143146385908,3.136266666666667,3.1696000000000004,0.8490391066666666,0.85309918,0.5525480388829787,0.8913669501198175,mad,60001,154,151,2,0,71.0,6.0,71.0,0.0,0.0,-0.3368722186904005,2,0.0,0.0,0.0,0.0,0.0,0.0
13.0,9.0,1.0,96.0,10.0,105.0,0.9,0.0857142857142857,109.0,500.0,12.0,22.0,3950.0,7778.0,39.392,131.064,0.0156399999999999,0.02248,0.6263871052823632,0.7417975637024157,48.959,3.741333333333333,0.3248613333333333,0.313568,0.0678825261649886,0.6508910424342734,60001.0,11.0,106.0,2.0,1.0,109.0,-12.0,3950.0,39.392,0.0156399999999999,-0.6263871052823632,1.0,105.0,413.0,0.0,518.0,105.0,0.2027027027027027,1.0,99.0,2458.0,14.0,45.0,179.0,1454.0,2.164,31.488,0.0606099999999999,0.2551339999999999,0.2096674876847289,0.7782929263659487,0.9839238095238096,4.477153846153846,0.1196945904761904,0.182450819047619,0.7663608720086048,0.6876415608076583,mad,60001,519,106,2,1,99.0,11.0,-179.0,-2.164,-0.0606099999999999,0.1117985787797108,311,508.0,96.0,412.0,-96.0,-0.6972972972972973,0.9142857142857143
14.0,70.0,215.0,31.0,285.0,101.0,0.2456140350877192,0.693069306930693,188.5,494.0,20.0,63.0,47.0,514.0,2.064,5.0,0.0207799999999999,0.59168,0.4310555242326904,0.8697420968163326,1.4137142857142857,3.5170285714285714,0.8260901428571428,0.8892413571428571,0.3900999808287574,0.767405167377907,60001.0,286.0,144.0,2.0,0.0,188.5,-15.0,46.0,-2.064,-0.0012249999999999,-0.4310555242326904,190.0,97.0,307.0,4.0,404.0,101.0,0.2400990099009901,0.9603960396039604,209.0,488.0,19.0,45.0,35.0,267.0,2.992,5.696,0.0489,1.06846,0.2918873476250525,0.7886800247882669,1.064577319587629,3.747134020618557,0.739065824742268,0.8638868556701031,0.4938436642321376,0.7170313261651964,mad,60001,404,144,2,0,209.0,2.0,27.0,-2.992,-0.0489,-0.2576388888888888,254,119.0,27.0,92.0,-27.0,-0.005515025186729111,0.26732673267326734
15.0,83.0,83.0,34.0,166.0,117.0,0.5,0.7094017094017094,74.0,265.0,15.0,63.0,66.0,1424.0,0.4479999999999999,11.712,0.0220099999999998,0.78973,0.3004156836310526,0.8229909154437457,3.31055421686747,3.817927710843374,1.2862107228915662,1.395145843373494,0.5199387459128335,0.8485517212569401,60001.0,167.0,121.0,2.0,0.0,74.0,-12.0,61.0,0.04,0.0,-0.3004156836310526,69.0,94.0,111.0,23.0,205.0,117.0,0.4585365853658537,0.8034188034188035,62.0,398.0,11.0,62.0,50.5,262.0,0.728,4.816000000000001,0.0586799999999999,0.8533000000000001,0.2259973953254818,0.7945875893115973,2.778553191489362,3.8559148936170216,1.2197884574468083,1.331243670212766,0.6060445126548211,0.8340324191788091,mad,60001,206,121,2,0,62.0,-7.0,43.0,-0.2719999999999998,-0.0415649999999999,-0.2079115697753032,93,39.0,11.0,28.0,-11.0,-0.04146341463414632,0.09401709401709402
16.0,152.0,57.0,0.0,209.0,152.0,0.7272727272727273,1.0,150.0,266.0,12.0,32.0,110.0,233.0,0.056,2.904,0.0,0.54545,0.4072631490773489,0.7079539394418219,2.397473684210526,3.0655364238410594,0.9926043486842104,1.0,0.4292231975766499,0.842119834616593,60001.0,209.0,157.0,2.0,1.0,150.0,-11.0,96.5,-0.016,0.0,-0.4072631490773489,52.0,152.0,87.0,0.0,239.0,152.0,0.6359832635983264,1.0,135.5,263.0,9.0,33.0,82.0,234.0,0.088,2.896,1.1102230246251563e-16,0.5454500000000001,0.3615044408730286,0.6911974906694196,2.044684210526316,3.0655364238410594,0.9931638881578944,1.0,0.4980710783148667,0.842119834616593,mad,60001,239,157,2,1,135.5,-9.0,76.0,-0.0639999999999996,-1.1102230246251563e-16,-0.3615044408730286,82,30.0,0.0,30.0,0.0,-0.09128946367440094,0.0
17.0,136.0,3.0,1.0,139.0,137.0,0.9784172661870504,0.9927007299270072,66.0,231.0,27.0,51.0,66.0,449.0,0.048,3.712,0.0,0.17107,0.4139987827145465,0.806603382714458,3.4718222222222224,3.4644740740740745,0.9880541176470587,0.9904261029411764,0.3451318012215514,0.7595938685863223,60001.0,139.0,138.0,2.0,1.0,66.0,-27.0,66.0,0.0,0.0,-0.4139987827145465,2.0,137.0,8.0,0.0,145.0,137.0,0.9448275862068966,1.0,62.0,305.0,24.0,48.0,62.0,305.0,0.048,3.0,0.0,0.069404,0.3779482012240632,0.740023918331032,3.389294117647059,3.466647058823529,0.9828328175182482,0.983903094890511,0.3841906572912987,0.7568408399146592,mad,60001,145,138,2,1,62.0,-24.0,61.0,-0.008,0.0,-0.3765291083271923,6,6.0,1.0,5.0,-1.0,-0.03358967998015383,0.007299270072992803
18.0,142.0,2.0,0.0,144.0,142.0,0.9861111111111112,1.0,74.0,218.0,5.0,19.0,74.0,194.0,0.016,2.704,0.0,0.12225,0.3533542973982781,0.6418461538461538,3.315830985915493,3.3348732394366194,0.5974711267605635,0.5992792253521125,0.4140607040686133,0.8009721788942503,60001.0,145.0,144.0,2.0,1.0,74.0,3.0,74.0,0.0,0.0,-0.3533542973982781,1.0,142.0,3.0,0.0,145.0,142.0,0.9793103448275862,1.0,65.0,214.0,16.0,22.0,65.0,179.0,0.008,2.712,0.0,0.12225,0.2326938950124171,0.5228915662650603,3.305802816901408,3.3348732394366194,0.5974711267605635,0.5992792253521125,0.5258684364958225,0.8009721788942503,mad,60001,146,144,2,1,65.0,16.0,65.0,0.0,0.0,-0.2326938950124171,2,1.0,0.0,1.0,0.0,-0.006800766283524995,0.0
19.0,12.0,4.0,109.0,16.0,121.0,0.75,0.0991735537190082,91.5,338.0,7.0,28.0,1777.0,7809.0,17.972,64.08800000000001,0.1113155,0.271831,0.5052986650749858,0.9580091593409484,24.258,3.086,0.4661757499999999,0.4338880833333333,0.0632131926034914,0.6108774464804403,60001.0,17.0,122.0,2.0,0.0,91.5,-5.5,1777.0,17.972,0.0264444999999999,-0.5052986650749858,3.0,121.0,300.0,0.0,421.0,121.0,0.2874109263657957,1.0,270.0,480.0,18.0,62.0,51.0,564.0,2.8160000000000003,8.736,0.01599,0.3431709999999999,0.1384497705252422,0.7353117575142442,1.0132231404958678,3.9255537190082648,0.2267375041322314,0.2612587355371901,0.5622492554602627,0.6601818549640577,mad,60001,422,122,2,0,270.0,17.0,29.0,-2.8160000000000003,-0.00984,-0.0614439324116743,278,405.0,109.0,296.0,-109.0,-0.4625890736342043,0.9008264462809918
20.0,113.0,71.0,1.0,184.0,114.0,0.6141304347826086,0.9912280701754386,83.0,277.0,19.0,59.0,61.0,228.0,0.2080000000000001,4.192,0.0,0.26686,0.3973811659192825,0.896820275145933,2.555469026548673,3.84212389380531,0.9468855653097344,0.9713322141592922,0.4404415381411914,0.8478436759321356,60001.0,185.0,128.0,2.0,1.0,83.0,-19.0,57.0,-0.1440000000000001,0.0,-0.3973811659192825,62.0,114.0,71.0,0.0,185.0,114.0,0.6162162162162163,1.0,74.0,275.0,17.0,56.0,52.0,198.0,0.1919999999999999,4.5840000000000005,0.0,0.26686,0.3427747079512008,0.9084427767354596,2.603087719298246,3.854596491228071,0.9456366568421052,0.9703660543859648,0.4907144683807292,0.8490500108244724,mad,60001,186,128,2,1,74.0,-17.0,50.0,-0.1359999999999998,0.0,-0.3427747079512008,62,1.0,1.0,0.0,-1.0,0.002085781433607603,0.00877192982456143
21.0,143.0,145.0,1.0,288.0,144.0,0.4965277777777778,0.9930555555555556,153.0,312.0,6.0,53.0,58.0,572.0,1.7519999999999998,5.824,0.001955,0.47117,0.3488211456990238,0.6896014640889356,1.7524475524475525,3.2408951048951047,0.9136162293706293,0.9490324797202796,0.4761797627596015,0.7948285602969277,60001.0,289.0,150.0,2.0,0.0,153.0,-4.0,50.0,-1.7519999999999998,0.0,-0.3488211456990238,138.0,144.0,280.0,0.0,424.0,144.0,0.3396226415094339,1.0,127.0,310.0,5.0,48.0,36.0,242.0,2.232,3.96,0.0019525,0.4643200000000001,0.2469930269973179,0.6467705361714579,1.2175555555555555,3.2293888888888893,0.9181806458333333,0.9486532958333334,0.5823505182560612,0.7949341664219067,mad,60001,425,150,2,0,127.0,-1.0,30.0,-2.232,0.0,-0.2399973387671032,272,136.0,1.0,135.0,-1.0,-0.1569051362683439,0.00694444444444442
22.0,149.0,24.0,0.0,173.0,149.0,0.861271676300578,1.0,172.0,207.0,8.0,19.0,168.0,207.0,0.064,2.536,0.0,0.43011,0.3714114832535885,0.7001937358734259,2.9088322147651007,3.1871140939597318,0.9843859550335572,0.9903166809395972,0.4142335720390909,0.795785934169239,60001.0,174.0,151.0,2.0,1.0,172.0,-8.0,168.0,-0.016,0.0,-0.3714114832535885,23.0,149.0,132.0,0.0,281.0,149.0,0.5302491103202847,1.0,164.0,193.0,5.0,15.0,72.0,179.0,1.984,2.592,2.220446049250313e-16,0.43011,0.2528197235667179,0.6020342266709718,1.6089127516778523,3.1871140939597318,0.9843400355704698,0.9903166809395972,0.5361262224516677,0.795785934169239,mad,60001,282,151,2,1,164.0,-4.0,72.0,-1.984,0.0,-0.2528197235667179,131,108.0,0.0,108.0,0.0,-0.33102256598029334,0.0
23.0,140.0,103.0,0.0,243.0,140.0,0.5761316872427984,1.0,137.5,250.0,11.5,47.0,74.0,219.0,1.804,4.224,0.0185765,0.3567899999999999,0.449928487910803,0.8907292815613842,1.9316,3.2576,0.7443722028571428,0.764097167142857,0.3903040681568134,0.8304107644318324,60001.0,244.0,149.0,2.0,0.0,137.5,8.5,70.5,-1.804,0.0,-0.449928487910803,97.0,140.0,194.0,0.0,334.0,140.0,0.4191616766467065,1.0,135.5,273.0,13.5,34.0,52.0,219.0,2.196,4.224,0.0219949999999999,0.3695,0.289073368774474,0.7576435495898584,1.1861714285714289,3.2576,0.7347227457142858,0.764097167142857,0.5596180133789135,0.8304107644318324,mad,60001,335,149,2,0,135.5,12.0,33.5,-2.196,0.0,-0.2820957558105917,189,91.0,0.0,91.0,0.0,-0.1569700105960919,0.0
24.0,178.0,2.0,0.0,180.0,178.0,0.9888888888888888,1.0,64.0,191.0,11.0,18.0,64.5,191.0,0.032,0.2399999999999997,0.0068499999999999,0.0840659999999999,0.3204613457439594,0.6375334213287306,2.6666516853932585,2.66647191011236,0.8916336094382025,0.892792086966292,0.5274451864542657,0.8546952161180198,60001.0,180.0,180.0,2.0,1.0,64.0,11.0,64.5,0.0,0.0,-0.3204613457439594,0.0,178.0,2.0,0.0,180.0,178.0,0.9888888888888888,1.0,64.0,191.0,11.0,18.0,64.5,191.0,0.032,0.2399999999999997,0.0068499999999999,0.0840659999999999,0.3204613457439594,0.6375334213287306,2.6666516853932585,2.66647191011236,0.8916336094382025,0.892792086966292,0.5274451864542657,0.8546952161180198,mad,60001,180,180,2,1,64.0,11.0,64.5,0.0,0.0,-0.3204613457439594,0,0.0,0.0,0.0,0.0,0.0,0.0
25.0,127.0,9.0,0.0,136.0,127.0,0.9338235294117648,1.0,59.0,215.0,5.0,14.0,58.0,196.0,0.024,3.72,0.0,0.42787,0.2337977041659283,0.5431020780129068,3.5655433070866147,3.741291338582677,1.694776062992126,1.7154526771653544,0.4000236799380369,0.6581715698030375,60001.0,137.0,128.0,2.0,0.0,59.0,5.0,58.0,0.0,0.0,-0.2337977041659283,8.0,127.0,11.0,0.0,138.0,127.0,0.9202898550724636,1.0,58.0,215.0,5.0,14.0,56.0,189.0,0.024,3.72,4.440892098500626e-16,0.42787,0.2282825755111234,0.5377401477180006,3.5223307086614173,3.741291338582677,1.694776062992126,1.7154526771653544,0.4052600652825328,0.6581715698030375,mad,60001,139,128,2,0,58.0,5.0,56.0,0.0,0.0,-0.2282825755111234,10,2.0,0.0,2.0,0.0,-0.013533674339301194,0.0
26.0,107.0,51.0,29.0,158.0,136.0,0.6772151898734177,0.7867647058823529,44.0,198.0,8.0,62.0,41.0,675.0,0.088,6.68,0.0,0.3577699999999999,0.2142427109314525,0.7050816696914701,3.244710280373832,3.371094339622642,0.8562684614953272,0.8692776990654205,0.4136184442187655,0.6643250892150069,60001.0,159.0,143.0,2.0,1.0,44.0,-7.0,41.0,0.0,0.0,-0.212945563012677,32.0,124.0,46.0,12.0,170.0,136.0,0.7294117647058823,0.9117647058823528,33.0,536.0,6.0,61.0,31.0,536.0,0.088,4.016,1.1102230246251563e-16,0.3919800000000001,0.1464480571293018,0.6363187762151492,3.001821138211383,3.4018861788617887,0.8294233417741935,0.8525526104838711,0.5460052577513749,0.6751914469659731,mad,60001,171,143,2,1,33.0,-2.5,29.0,-0.024,-1.1102230246251563e-16,-0.1220211277684714,31,12.0,17.0,-5.0,-17.0,0.05219657483246465,0.12499999999999989
27.0,7.0,31.0,79.0,38.0,86.0,0.1842105263157894,0.0813953488372093,79.0,574.0,29.0,54.0,109.0,895.0,1.584,70.408,0.0368999999999999,0.4776660000000001,0.2880491308008518,0.7263126000952257,12.862857142857145,3.8537142857142856,1.2976424285714288,1.4466020000000002,0.4826601650432672,0.6782565131801144,60001.0,39.0,90.0,2.0,1.0,79.0,-4.0,34.0,-0.3919999999999999,-0.0368999999999999,-0.1774293890755257,28.0,86.0,475.0,0.0,561.0,86.0,0.1532976827094474,1.0,425.0,598.0,13.5,50.0,108.5,459.0,4.952,7.192,0.1291199999999999,0.4776659999999999,0.3541951084328495,0.879241099289999,0.6730232558139534,5.447255813953489,0.2508694534883721,0.3869718255813953,0.3883345919914447,0.6902341575227009,mad,60001,562,90,2,1,425.0,-1.0,-108.5,-4.952,-0.1291199999999999,-0.3508662899727772,397,523.0,79.0,444.0,-79.0,-0.030912843606342,0.9186046511627907
28.0,136.0,22.0,6.0,158.0,142.0,0.8607594936708861,0.9577464788732394,97.0,224.0,29.0,63.0,93.0,207.0,0.08,2.992,0.0,0.174,0.4169397827608455,0.6397674418604651,3.117647058823529,3.2879411764705884,0.9925894852941176,0.9949973529411764,0.4774343976220008,0.8653819161742701,60001.0,158.0,146.0,2.0,1.0,97.0,-29.0,93.0,-0.008,0.0,-0.4169397827608455,12.0,139.0,22.0,3.0,161.0,142.0,0.8633540372670807,0.9788732394366196,89.0,217.0,23.0,60.0,83.0,200.0,0.0959999999999996,2.952,0.0,0.1730199999999999,0.3486380748505204,0.7214838615452023,3.0652086330935253,3.29294964028777,0.9933472014388488,0.9951053237410072,0.5548520567418118,0.8645144974635627,mad,60001,161,146,2,1,89.0,-23.0,82.0,-0.016,0.0,-0.3486380748505204,15,3.0,3.0,0.0,-3.0,0.0025945435961945984,0.021126760563380254
29.0,55.0,39.0,93.0,94.0,148.0,0.5851063829787234,0.3716216216216216,128.0,270.0,34.0,61.0,138.0,2844.0,0.5680000000000001,15.983999999999998,0.0078199999999999,0.16813,0.7348943636348936,0.964205760070023,4.536581818181818,2.997090909090909,0.4095261999999999,0.4025058727272727,0.1367378785980103,0.8458111790969767,60001.0,95.0,150.0,2.0,1.0,128.0,-34.0,138.0,0.2479999999999997,0.0,-0.7348943636348936,19.0,131.0,102.0,17.0,233.0,148.0,0.5622317596566524,0.8851351351351351,44.0,460.0,20.0,62.0,27.0,221.0,0.544,4.784,5.551115123125783e-17,0.2678400000000001,0.1800095604470648,0.7884255930984903,2.121587786259542,3.15163358778626,0.3542340152671755,0.3735529847328244,0.6513536479049976,0.8277331854496911,mad,60001,234,150,2,1,44.0,-16.0,25.0,-0.3039999999999998,-5.551115123125783e-17,-0.1630307295331926,78,139.0,76.0,63.0,-76.0,-0.02287462332207102,0.5135135135135135
30.0,145.0,35.0,1.0,180.0,146.0,0.8055555555555556,0.9931506849315068,108.0,320.0,15.0,33.0,72.0,330.0,0.056,3.248,0.0077279999999999,0.2921156,0.2942105263157895,0.6003720319509793,2.7836689655172413,3.188855172413793,1.279418976551724,1.2959409048275865,0.5392475525076853,0.8422403436713621,60001.0,180.0,151.0,2.0,0.0,108.0,14.0,72.0,-0.024,0.0,-0.2942105263157895,32.0,145.0,26.0,1.0,171.0,146.0,0.847953216374269,0.9931506849315068,109.0,321.0,14.0,35.0,74.0,332.0,0.056,3.24,0.0077279999999999,0.2921156,0.3146681334800146,0.608064339643287,2.906703448275862,3.188855172413793,1.2791631834482755,1.2959409048275865,0.5187614128656572,0.8422403436713621,mad,60001,171,151,2,0,109.0,13.0,74.0,-0.008,-2.220446049250313e-16,-0.3146681334800146,23,-9.0,0.0,-9.0,0.0,0.042397660818713434,0.0
31.0,138.0,195.0,0.0,333.0,138.0,0.4144144144144144,1.0,156.0,385.0,11.0,29.0,54.0,252.0,2.048,3.864,0.0097714999999999,0.3655889999999999,0.293464571384724,0.9271328246228664,1.3038260869565217,3.2644637681159425,0.8729583650724638,0.890178325942029,0.5500422022908658,0.8389885955728305,60001.0,333.0,151.0,2.0,0.0,156.0,6.0,50.0,-2.048,0.0,-0.293464571384724,183.0,138.0,211.0,0.0,349.0,138.0,0.3954154727793696,1.0,145.5,384.0,11.0,31.0,44.5,300.0,2.02,3.888,0.009775,0.3587540000000001,0.2207883741554534,0.7099879470949305,1.2292753623188404,3.2644637681159425,0.8686657708695652,0.890178325942029,0.6222983085314234,0.8389885955728305,mad,60001,349,151,2,0,145.5,7.0,40.5,-2.02,-0.0004885,-0.2133007598158782,197,16.0,0.0,16.0,0.0,-0.018998941635044786,0.0
32.0,196.0,204.0,0.0,400.0,196.0,0.49,1.0,77.5,127.0,11.0,22.0,19.0,74.0,1.472,1.968,0.019415,0.18835,0.2500380054087095,0.4201278263723956,1.0346938775510204,2.4337142857142857,1.6382962551020408,1.6771910714285716,0.6758314398549856,0.9025616805539748,60001.0,400.0,197.0,2.0,0.0,77.5,11.0,-4.0,-1.472,-0.0048549999999999,-0.2500380054087095,203.0,196.0,140.0,0.0,336.0,196.0,0.5833333333333334,1.0,81.5,131.0,7.0,17.0,31.5,83.0,1.452,2.0,2.220446049250313e-16,0.0737899999999998,0.3878449257385594,0.5838155225792676,1.3401632653061224,2.4337142857142857,1.673624642857143,1.6771910714285716,0.5134786683671072,0.9025616805539748,mad,60001,336,197,2,0,81.5,7.0,31.0,-1.452,0.0,-0.3878449257385594,139,-64.0,0.0,-64.0,0.0,0.09333333333333338,0.0
33.0,101.0,109.0,12.0,210.0,113.0,0.4809523809523809,0.8938053097345132,230.0,418.0,6.0,57.0,84.0,361.0,3.112,6.24,0.0,0.79472,0.421850613154961,0.8499783205665559,1.4152079207920794,4.163247524752475,0.9388132403960396,0.9666579344554456,0.2943543845050289,0.7122281556508436,60001.0,211.0,114.0,2.0,0.0,230.0,0.0,83.0,-3.112,0.0,-0.421850613154961,98.0,109.0,126.0,4.0,235.0,113.0,0.4638297872340425,0.9646017699115044,228.0,414.0,7.0,48.0,73.0,363.0,3.1759999999999997,6.24,0.0,0.30792,0.3802021771653868,0.8017752032140522,1.3569908256880734,4.213284403669725,0.9527294704587156,0.9685669759633028,0.3437693773482234,0.7115422262052197,mad,60001,236,114,2,0,228.0,4.0,72.0,-3.1759999999999997,0.0,-0.379957088283008,116,25.0,8.0,17.0,-8.0,-0.017122593718338408,0.07079646017699115
34.0,136.0,16.0,0.0,152.0,136.0,0.8947368421052632,1.0,194.0,324.0,18.0,32.0,193.0,313.0,0.0239999999999998,3.832,0.007435,1.03347,0.1589001714430081,0.7073868235040198,3.3021764705882357,3.4072941176470586,1.0497763970588234,1.073995588235294,0.5139864058510282,0.6817245011479245,60001.0,153.0,142.0,2.0,1.0,194.0,18.0,193.0,0.0,0.0,-0.1488400674260128,11.0,136.0,21.0,0.0,157.0,136.0,0.8662420382165605,1.0,188.5,321.0,21.0,31.0,186.0,310.0,0.016,4.048,0.007435,1.0334699999999997,0.1144399894314356,0.6516767313375306,3.277705882352941,3.4072941176470586,1.0498857352941178,1.073995588235294,0.5704130419228038,0.6817245011479245,mad,60001,158,142,2,1,188.5,21.0,186.0,0.0,0.0,-0.1058769959509891,16,5.0,0.0,5.0,0.0,-0.028494803888702624,0.0
36.0,147.0,74.0,0.0,221.0,147.0,0.665158371040724,1.0,140.0,311.0,30.0,60.0,97.0,247.0,0.6200000000000001,3.344,0.00777,0.3067999999999999,0.6103578210301448,0.9779143897996356,1.9059591836734688,3.2481095890410963,0.8191004612244898,0.8287031360544218,0.2956148209745775,0.8995905964959232,60001.0,222.0,147.0,2.0,0.0,140.0,-16.0,96.0,-0.6200000000000001,0.0,-0.6103578210301448,69.0,147.0,181.0,0.0,328.0,147.0,0.4481707317073171,1.0,148.0,302.0,28.0,55.0,53.0,251.0,2.292,4.032,0.0116499999999999,0.316497,0.4536476784650595,0.945518927577776,1.2223673469387757,3.2481095890410963,0.7868304897959183,0.8287031360544218,0.4753617172582809,0.8995905964959232,mad,60001,329,147,2,0,148.0,7.0,42.0,-2.292,0.0,-0.4536476784650595,148,107.0,0.0,107.0,0.0,-0.21698763933340687,0.0
37.0,146.0,35.0,3.0,181.0,149.0,0.8066298342541437,0.9798657718120806,46.0,289.0,9.0,62.0,45.0,257.0,0.1119999999999996,3.3599999999999994,0.027675,1.06401,0.2228766196729057,0.7215996484289167,2.79972602739726,3.143616438356164,1.0320348232876713,1.0744786520547944,0.5175793330218154,0.7732188451815036,60001.0,182.0,153.0,2.0,1.0,46.0,-1.0,43.0,-0.012,0.0,-0.2213744031696531,27.0,146.0,37.0,3.0,183.0,149.0,0.7978142076502732,0.9798657718120806,44.0,288.0,9.0,59.0,44.0,228.0,0.104,3.3599999999999994,0.027675,1.0775401000000002,0.2008249261743369,0.8207875457875458,2.822410958904109,3.143616438356164,1.029928643150685,1.0744786520547944,0.5406672171504291,0.7732188451815036,mad,60001,184,153,2,1,44.0,0.5,42.0,-0.02,0.0,-0.1996142908018923,27,2.0,0.0,2.0,0.0,-0.008815626603870474,0.0
38.0,123.0,50.0,7.0,173.0,130.0,0.7109826589595376,0.946153846153846,73.0,447.0,30.0,47.0,72.0,575.0,0.056,4.344,0.0,0.37341,0.4577018867577727,0.8206090947017105,3.109573770491803,3.568262295081967,0.9473092341463416,0.9595480650406504,0.3142475922531539,0.7750386949331931,60001.0,174.0,135.0,2.0,1.0,73.0,-29.0,72.0,-0.016,0.0,-0.4577018867577727,43.0,125.0,74.0,5.0,199.0,130.0,0.628140703517588,0.9615384615384616,66.0,330.0,26.0,51.0,67.0,340.0,0.0879999999999999,4.144,0.0,0.8416400000000002,0.3935004609602155,0.7339246119733924,2.8551612903225805,3.5520645161290325,0.9097319824,0.951327224,0.4262434242073646,0.7741473367715334,mad,60001,199,135,2,1,66.0,-26.0,64.0,-0.036,0.0,-0.3905913077841636,62,26.0,2.0,24.0,-2.0,-0.08284195544194961,0.015384615384615552
40.0,120.0,46.0,5.0,166.0,125.0,0.7228915662650602,0.96,62.0,327.0,13.0,56.0,61.5,744.0,0.1,3.640000000000001,0.0001221599999999,0.287562,0.3353287270355342,0.8385563144502477,3.240933333333333,3.5456,0.9130914895,0.9402964036666668,0.4396593777140056,0.7905728649218439,60001.0,167.0,144.0,2.0,0.0,62.0,-11.0,59.0,-0.024,0.0,-0.3353287270355342,28.0,122.0,55.0,3.0,177.0,125.0,0.6892655367231638,0.976,55.5,321.0,11.0,54.0,55.0,740.0,0.1080000000000001,4.056,0.0001221600000002,0.287562,0.2868466523901787,0.8153323047031259,3.100327868852459,3.517770491803278,0.9090510634426232,0.934906820327869,0.4952702758515158,0.791945994792657,mad,60001,178,144,2,0,55.5,-6.5,50.5,-0.032,2.220446049250313e-16,-0.2865257814040274,38,11.0,2.0,9.0,-2.0,-0.03362602954189642,0.016000000000000014
41.0,110.0,18.0,1.0,128.0,111.0,0.859375,0.990990990990991,82.5,377.0,11.0,53.0,72.0,377.0,0.0799999999999998,4.28,0.0122249999999999,0.40098,0.3057024153945754,0.8660633982489307,3.9415999999999993,4.26210909090909,1.4267633636363637,1.4431225,0.5430502831493417,0.8552755818872914,60001.0,128.0,113.0,2.0,1.0,82.5,9.0,72.0,-0.012,0.0,-0.3057024153945754,16.0,110.0,16.0,1.0,126.0,111.0,0.873015873015873,0.990990990990991,84.0,379.0,10.0,55.0,76.5,379.0,0.0919999999999996,4.344,0.0146699999999997,0.4009800000000001,0.3295433785144229,0.765424177020747,3.958618181818182,4.26210909090909,1.4270079090909094,1.4431225,0.5199360997664868,0.8552755818872914,mad,60001,126,113,2,1,84.0,6.5,75.0,-0.016,0.0,-0.3295433785144229,14,-2.0,0.0,-2.0,0.0,0.013640873015873023,0.0
42.0,137.0,11.0,0.0,148.0,137.0,0.9256756756756755,1.0,157.0,245.0,6.0,16.0,153.0,219.0,0.04,3.264,0.0,0.0119716399999999,0.316077441077441,0.6167889618368851,3.272408759124088,3.472408759124088,1.0004012557664237,1.0004886400000002,0.4844726343846769,0.8221669081707408,60001.0,148.0,138.0,2.0,0.0,157.0,-6.0,153.0,0.0,0.0,-0.316077441077441,10.0,137.0,10.0,0.0,147.0,137.0,0.9319727891156464,1.0,141.0,211.0,5.0,20.0,138.0,211.0,0.048,2.896,0.0,0.0119716399999998,0.2528740979373949,0.5648526656446943,3.315328467153285,3.472408759124088,1.0004012557664237,1.0004886400000002,0.5570403044278422,0.8221669081707408,mad,60001,147,138,2,0,141.0,-3.0,138.0,0.0,0.0,-0.2528740979373949,9,-1.0,0.0,-1.0,0.0,0.006297113439970858,0.0
43.0,139.0,32.0,0.0,171.0,139.0,0.8128654970760234,1.0,108.0,351.0,13.0,57.0,103.0,202.0,0.1199999999999996,3.912,0.0078199999999999,0.875854,0.2880380923340351,0.9394820634654628,2.784,3.42146762589928,0.9126703028776978,0.9232049575539566,0.5077545972045403,0.8518523068273433,60001.0,172.0,140.0,2.0,0.0,108.0,-11.0,101.0,-0.064,0.0,-0.2880380923340351,30.0,139.0,35.0,0.0,174.0,139.0,0.7988505747126436,1.0,105.0,347.0,12.0,55.0,98.0,198.0,0.1279999999999996,3.584,0.0078199999999999,0.2707739999999999,0.2422534334028838,0.8502713585434174,2.828086330935252,3.42146762589928,0.9141963244604316,0.9232049575539566,0.5626541121239911,0.8518523068273433,mad,60001,175,140,2,0,105.0,-5.0,95.0,-0.056,0.0,-0.2422534334028838,31,3.0,0.0,3.0,0.0,-0.014014922363379756,0.0
44.0,97.0,192.0,35.0,289.0,132.0,0.3356401384083045,0.7348484848484849,213.0,335.0,34.0,63.0,36.0,467.0,2.376,3.912,0.0,0.1910579999999999,0.3288702348329806,0.8057117325092155,1.2704329896907218,3.547793814432989,0.8036548795876289,0.8203215096907217,0.3391003975052966,0.6836639800338327,60001.0,289.0,133.0,2.0,0.0,213.0,-34.0,36.0,-2.376,0.0,-0.3288702348329806,169.0,123.0,213.0,9.0,336.0,132.0,0.3660714285714285,0.9318181818181818,174.0,357.0,19.0,59.0,18.0,138.0,2.3600000000000003,3.896,1.1102230246251563e-16,0.427559,0.2458418774208248,0.6298563760336573,1.2334308943089431,3.595317073170732,0.7640506307317074,0.7944177089430896,0.6398997753226036,0.6750727544365223,mad,60001,336,133,2,0,174.0,-12.0,18.0,-2.3600000000000003,0.0,-0.0297615018389404,202,47.0,26.0,21.0,-26.0,0.030431290163124014,0.1969696969696969
45.0,3.0,44.0,124.0,47.0,127.0,0.0638297872340425,0.0236220472440944,166.0,173.0,55.0,58.0,578.0,583.0,3.984,4.552,0.0045199999999999,0.0090296999999999,0.8495073545642446,0.8870413114136324,6.386666666666667,3.4266666666666663,0.3225479,0.3180313333333333,0.0507819933335626,0.8950145341704944,60001.0,48.0,128.0,2.0,1.0,166.0,-55.0,578.0,3.984,0.0045199999999999,-0.8495073545642446,42.0,127.0,110.0,0.0,237.0,127.0,0.5358649789029536,1.0,140.0,341.0,15.0,50.0,66.0,273.0,2.628,3.848,0.0030099999999999,0.2663622,0.4576467624086672,0.921363094504049,1.9217637795275588,3.739111111111112,0.3203699610236221,0.330080512992126,0.460405117074757,0.9231429052831488,mad,60001,238,128,2,1,140.0,2.0,61.0,-2.628,0.0,-0.4576467624086672,94,190.0,124.0,66.0,-124.0,0.47203519166891106,0.9763779527559056
46.0,104.0,183.0,19.0,287.0,123.0,0.3623693379790941,0.8455284552845529,181.0,568.0,18.0,61.0,63.0,507.0,2.624,8.152000000000001,0.0,0.4089886399999999,0.4566506870665942,0.9535543260960528,1.4580194174757284,3.60295145631068,0.7998038825000001,0.8371587040384616,0.3432608658051926,0.7480816816702482,60001.0,288.0,134.0,2.0,1.0,181.0,-12.0,54.0,-2.624,0.0,-0.4566506870665942,162.0,112.0,208.0,11.0,320.0,123.0,0.35,0.9105691056910568,184.0,562.0,17.0,63.0,56.0,503.0,2.856,8.224,1.1102230246251563e-16,0.8406986399999999,0.3834104394667716,0.8135046527299297,1.366198198198198,3.644828828828829,0.7729290644642858,0.8290506571428571,0.4403785158563191,0.7521140148753093,mad,60001,321,134,2,1,184.0,-3.0,46.5,-2.856,0.0,-0.3656581323249739,179,33.0,8.0,25.0,-8.0,-0.01236933797909412,0.06504065040650386
47.0,172.0,13.0,0.0,185.0,172.0,0.9297297297297298,1.0,66.0,142.0,16.0,25.0,66.0,224.0,0.0399999999999995,1.848,0.003665,1.07452,0.2878391489810747,0.5043478260869565,2.680418604651163,2.7142325581395355,1.1394890406976743,1.1654655232558142,0.6365670167143997,0.9302672457602372,60001.0,186.0,178.0,2.0,1.0,66.0,16.0,66.0,0.0159999999999997,0.0,-0.2878391489810747,6.0,172.0,9.0,0.0,181.0,172.0,0.9502762430939228,1.0,74.0,162.0,12.0,28.0,74.0,110.0,0.0479999999999996,2.48,0.0033599999999999,1.0946900000000002,0.35481866361637,0.9180035237388724,2.6887906976744187,2.7142325581395355,1.143995976744186,1.1654655232558142,0.5624274742868071,0.9302672457602372,mad,60001,182,178,2,1,74.0,12.0,74.0,0.0239999999999995,0.0,-0.35481866361637,4,-4.0,0.0,-4.0,0.0,0.020546513364192998,0.0
48.0,135.0,37.0,6.0,172.0,141.0,0.7848837209302325,0.9574468085106383,65.0,318.0,22.0,62.0,64.0,802.0,0.1120000000000001,4.032,0.0,0.56243,0.2956835121631583,0.7932067932067932,2.981570370370371,3.3031703703703705,0.8982326997037038,0.9231912542222224,0.5684786140673861,0.8849953825696752,60001.0,173.0,144.0,2.0,0.0,65.0,-21.0,63.0,-0.032,0.0,-0.2956835121631583,31.0,139.0,32.0,2.0,171.0,141.0,0.8128654970760234,0.9858156028368794,61.0,365.0,19.0,61.0,61.0,365.0,0.1199999999999996,3.824,2.220446049250313e-16,0.56243,0.2500939810367152,0.7957208255741776,3.005122302158273,3.318503597122302,0.8861084565467627,0.9094118656115108,0.6146463159632981,0.8816005597059152,mad,60001,171,144,2,0,61.0,-16.0,60.0,-0.032,2.220446049250313e-16,-0.2500939810367152,28,-1.0,4.0,-5.0,-4.0,0.027981776145790893,0.028368794326241065
49.0,122.0,107.0,13.0,229.0,135.0,0.5327510917030568,0.9037037037037036,131.5,289.0,13.0,61.0,71.0,556.0,2.652,3.896,0.0127099999999999,0.26002,0.6461434493944564,0.9582179713063176,1.4382950819672131,3.4789508196721317,0.5899319999999999,0.6090894508196721,0.2637812773860319,0.877396890557127,60001.0,230.0,137.0,2.0,0.0,131.5,-11.0,70.0,-2.652,-0.001955,-0.6461434493944564,102.0,135.0,57.0,0.0,192.0,135.0,0.703125,1.0,59.0,272.0,8.0,43.0,51.0,334.0,0.1319999999999996,4.167999999999999,0.01271,0.2600199999999999,0.2690821482767791,0.8875119813775161,2.4939259259259257,3.4934328358208955,0.5808555555555556,0.6011080148148148,0.5377799610316553,0.8749562145087745,mad,60001,193,137,2,0,59.0,3.0,50.0,-0.096,-0.00098,-0.2690821482767791,52,-37.0,13.0,-50.0,-13.0,0.1703739082969432,0.09629629629629644
50.0,116.0,9.0,1.0,125.0,117.0,0.928,0.9914529914529916,73.0,197.0,28.5,62.0,73.0,197.0,0.056,3.72,0.0,0.033236,0.4371513355885896,0.6375974780155965,3.835478260869566,4.044382608695653,0.9984157474137932,0.9986601327586206,0.4567880255238652,0.886595176017241,60001.0,126.0,118.0,2.0,1.0,73.0,-28.5,73.0,-0.016,0.0,-0.4371513355885896,8.0,117.0,18.0,0.0,135.0,117.0,0.8666666666666667,1.0,70.0,194.0,25.0,61.0,67.0,194.0,0.0719999999999998,3.4559999999999995,0.0,0.0332360000000001,0.3905201342281879,0.6123397675694549,3.6371034482758615,4.046206896551724,0.998429288034188,0.9986715846153846,0.5050223760310664,0.8872225676752132,mad,60001,136,118,2,1,70.0,-25.0,67.0,-0.016,0.0,-0.3905201342281879,18,10.0,1.0,9.0,-1.0,-0.06133333333333335,0.008547008547008406
51.0,146.0,12.0,0.0,158.0,146.0,0.9240506329113924,1.0,85.5,251.0,9.0,34.0,90.0,212.0,0.064,3.528,0.00244,0.3691949999999999,0.3627653281387616,0.7786587163778134,3.172082758620689,3.257986206896552,0.8568170890410959,0.8757240410958903,0.5418032840477038,0.9195664988732156,60001.0,158.0,146.0,2.0,0.0,85.5,7.0,85.0,-0.008,0.0,-0.3627653281387616,4.0,146.0,10.0,0.0,156.0,146.0,0.935897435897436,1.0,84.0,248.0,10.0,32.0,85.0,207.0,0.064,3.552,0.00244,0.3154,0.3384808842601958,0.7866030610216657,3.168328767123288,3.257986206896552,0.8661615753424657,0.8757240410958903,0.5737534016747333,0.9195664988732156,mad,60001,156,146,2,0,84.0,9.5,83.0,-0.008,0.0,-0.3384808842601958,5,-2.0,0.0,-2.0,0.0,0.01184680298604357,0.0
52.0,139.0,48.0,7.0,187.0,146.0,0.7433155080213903,0.952054794520548,143.0,287.0,13.0,62.0,105.0,599.0,0.1880000000000001,3.312,0.0141699999999999,0.36258,0.3926340694006309,0.9199906293924722,2.435014492753623,3.238782608695652,0.6626101715107915,0.6819275097841727,0.4252825977490117,0.8135211779578368,60001.0,188.0,147.0,2.0,1.0,143.0,3.0,101.0,-0.068,0.0,-0.3926340694006309,44.0,145.0,14.0,1.0,159.0,146.0,0.9119496855345912,0.9931506849315068,91.0,258.0,18.0,29.0,86.0,232.0,0.04,2.968,0.0139299999999999,0.23088,0.1683664544118674,0.7846938775510204,3.071277777777778,3.249722222222222,0.6548639575172414,0.6719294128275862,0.666112219917447,0.8155073211286296,mad,60001,160,147,2,1,91.0,18.0,85.0,-0.008,0.0,-0.1491942421288065,13,-28.0,6.0,-34.0,-6.0,0.16863417751320087,0.041095890410958846
53.0,153.0,64.0,0.0,217.0,153.0,0.7050691244239631,1.0,66.0,210.0,14.0,44.0,52.0,203.0,0.2320000000000001,3.648,0.0105049999999999,0.18983,0.4129004576659039,0.8675594651098576,2.151842105263158,3.097473684210526,0.7456824671895425,0.7617725623529411,0.4510515259548151,0.8820631988654783,60001.0,217.0,155.0,2.0,0.0,66.0,4.0,52.0,-0.1920000000000001,0.0,-0.4129004576659039,55.0,153.0,50.0,0.0,203.0,153.0,0.7536945812807881,1.0,55.0,213.0,12.0,39.0,47.0,201.0,0.1960000000000001,3.176,0.0105049999999999,0.18983,0.289,0.8505782105903835,2.34378947368421,3.097473684210526,0.7457655390849672,0.7617725623529411,0.5390258411842408,0.8820631988654783,mad,60001,203,155,2,0,55.0,7.0,47.0,-0.1319999999999999,-1.1102230246251563e-16,-0.289,42,-14.0,0.0,-14.0,0.0,0.04862545685682507,0.0
