subject,matched_objects,featuregraph_only_objects,llm_only_objects,featuregraph_complete_objects,llm_complete_objects,featuregraph_matched_fraction,llm_matched_fraction,median_absolute_start_index_error,maximum_absolute_start_index_error,median_absolute_peak_index_error,maximum_absolute_peak_index_error,median_absolute_end_index_error,maximum_absolute_end_index_error,median_absolute_period_seconds_error,maximum_absolute_period_seconds_error,median_absolute_full_excursion_error,maximum_absolute_full_excursion_error,median_absolute_temporal_symmetry_error,maximum_absolute_temporal_symmetry_error,featuregraph_mean_period_seconds,llm_mean_period_seconds,featuregraph_mean_full_excursion,llm_mean_full_excursion,featuregraph_mean_temporal_symmetry,llm_mean_temporal_symmetry,featuregraph_scaling,samples,featuregraph_detected_peaks,llm_detected_peaks,featuregraph_partial_objects,llm_partial_objects,median_signed_start_index_difference,median_signed_peak_index_difference,median_signed_end_index_difference,median_signed_period_seconds_difference,median_signed_full_excursion_difference,median_signed_temporal_symmetry_difference,featuregraph_only_excluded_by_both_annotators
1.0,169.0,5.0,0.0,174.0,169.0,0.9712643678160919,1.0,53.0,191.0,10.0,29.0,53.0,191.0,0.040000000000000036,1.3359999999999999,0.004886999999999864,0.42815000000000003,0.24967964429766853,0.5557813542980049,2.8018571428571426,2.821285714285714,0.8961346437869823,0.9027111467455623,0.5960787684944024,0.8437828070786153,mad,60001,175,170,2,1,53.0,9.0,53.0,-0.008000000000000007,1.1102230246251565e-16,-0.24967964429766853,2
2.0,121.0,136.0,0.0,257.0,121.0,0.4708171206225681,1.0,165.0,273.0,9.0,33.0,65.0,234.0,2.184,3.576,0.013530000000000042,0.39483099999999993,0.11001879993733343,0.5244877210818769,2.00396694214876,3.8737190082644624,1.1140608429752066,1.136485550413223,0.7381096179474191,0.7172748489688154,mad,60001,257,124,2,0,165.0,-3.0,65.0,-2.184,0.0,0.052179006560449936,134
3.0,139.0,19.0,0.0,158.0,139.0,0.879746835443038,1.0,88.0,278.0,6.0,59.0,86.0,209.0,0.08799999999999963,3.392,0.005860000000000032,0.1671600000000001,0.26007663534349057,0.7460687918892254,3.0837410071942446,3.362187050359712,0.5223876115107913,0.5252780935251798,0.6081137271535265,0.8722383289992784,mad,60001,159,142,2,0,88.0,-3.0,86.0,-0.03200000000000003,0.0,-0.26007663534349057,17
4.0,131.0,141.0,0.0,272.0,131.0,0.48161764705882354,1.0,83.0,412.0,21.0,42.0,54.0,272.0,2.152,3.368,0.003010000000000068,0.08433999999999997,0.2169678909978191,0.6000947608723743,1.8734656488549617,3.6139236641221375,0.5096115038167939,0.5131068473282443,0.5600877901935885,0.7749112807087429,mad,60001,273,133,2,1,83.0,21.0,44.0,-2.152,0.0,-0.2169678909978191,139
5.0,35.0,353.0,44.0,388.0,79.0,0.09020618556701031,0.4430379746835443,627.0,1136.0,25.0,60.0,147.0,425.0,5.768000000000001,9.847999999999999,0.20722999999999997,0.25317,0.266227449048704,0.7884957062481494,0.7933714285714284,6.866823529411765,0.14193428571428576,0.325736,0.6790891374427405,0.4700652258487857,mad,60001,388,79,2,0,627.0,-1.0,-83.0,-5.768000000000001,-0.20722999999999997,0.2349155269509252,325
6.0,159.0,39.0,0.0,198.0,159.0,0.803030303030303,1.0,62.0,208.0,9.0,29.0,58.0,223.0,0.04800000000000004,3.128,1.1102230246251565e-16,0.25610999999999995,0.3082386830734425,0.6618615801542631,2.564607594936709,2.9995443037974683,0.889005989937107,0.9070562911949686,0.5040712697157091,0.7961132632122365,mad,60001,198,159,2,0,62.0,9.0,57.0,-0.008000000000000007,0.0,-0.30719656283566066,37
7.0,157.0,155.0,0.0,312.0,157.0,0.5032051282051282,1.0,152.0,211.0,4.0,24.0,71.0,158.0,1.904,2.4800000000000004,0.0,0.12316999999999989,0.19715099715099726,0.6241693270413202,1.32,2.986496815286624,0.9865886732484077,0.9946890481528662,0.558731425037263,0.79059290855984,mad,60001,313,161,2,1,152.0,2.0,71.0,-1.904,0.0,-0.19715099715099726,152
8.0,168.0,273.0,0.0,441.0,168.0,0.38095238095238093,1.0,175.5,264.0,17.0,27.0,42.5,116.0,1.808,2.664,0.0048799999999999955,0.04301000000000005,0.0952743184527094,0.5486663133721957,1.1084761904761904,2.827714285714286,0.42481244047619054,0.427494880952381,0.6946918270995016,0.7302678553840687,mad,60001,441,169,2,0,175.5,17.0,42.5,-1.808,-5.551115123125783e-17,-0.01969470814872476,271
9.0,158.0,138.0,0.0,296.0,158.0,0.5337837837837838,1.0,164.0,185.0,21.0,26.0,88.5,183.0,1.6,2.184,0.002930000000000016,0.011730000000000018,0.0864503197479859,0.5361896708321588,1.6400000000000001,2.9996455696202533,0.2607434810126582,0.2615044936708861,0.655981177984529,0.7375595269035735,mad,60001,297,159,2,0,164.0,21.0,88.5,-1.6,-5.551115123125783e-17,-0.04845063523052695,137
10.0,148.0,7.0,0.0,155.0,148.0,0.9548387096774194,1.0,49.0,372.0,13.0,49.0,48.0,372.0,0.03200000000000003,3.144,0.005819999999999936,0.97475,0.1882211854391806,0.8163788592360021,3.1245714285714286,3.226666666666667,0.7879688506756757,0.8213724864864865,0.5984682721368589,0.8114067230378463,mad,60001,156,148,2,0,49.0,11.5,47.5,-0.008000000000000007,0.0,-0.18470354889927293,6
11.0,116.0,67.0,0.0,183.0,116.0,0.6338797814207651,1.0,61.5,335.0,10.0,43.0,60.0,510.0,0.2400000000000002,5.5600000000000005,0.019560000000000022,0.29829,0.27146667123855706,0.8107142857142857,2.834896551724138,4.039373913043479,0.6531274137931035,0.6960409913793104,0.5053232295856299,0.7756968392156874,mad,60001,184,119,2,1,61.5,-2.0,51.5,-0.16799999999999926,-0.017120000000000024,-0.2681592506958978,53
12.0,150.0,3.0,0.0,153.0,150.0,0.9803921568627451,1.0,71.0,178.0,6.0,17.0,71.0,178.0,0.03200000000000003,2.76,1.1102230246251565e-16,0.0938389999999999,0.33687221869040057,0.737143146385908,3.136266666666667,3.1696000000000004,0.8490391066666666,0.85309918,0.5525480388829787,0.8913669501198175,mad,60001,154,151,2,0,71.0,6.0,71.0,0.0,0.0,-0.33687221869040057,2
13.0,105.0,413.0,0.0,518.0,105.0,0.20270270270270271,1.0,99.0,2458.0,14.0,45.0,179.0,1454.0,2.164,31.488,0.06060999999999997,0.25513399999999997,0.20966748768472898,0.7782929263659487,0.9839238095238096,4.477153846153846,0.11969459047619048,0.18245081904761906,0.7663608720086048,0.6876415608076583,mad,60001,519,106,2,1,99.0,11.0,-179.0,-2.164,-0.06060999999999997,0.11179857877971089,311
14.0,97.0,307.0,4.0,404.0,101.0,0.2400990099009901,0.9603960396039604,209.0,488.0,19.0,45.0,35.0,267.0,2.992,5.696,0.048900000000000055,1.06846,0.29188734762505253,0.7886800247882669,1.064577319587629,3.747134020618557,0.739065824742268,0.8638868556701031,0.4938436642321376,0.7170313261651964,mad,60001,404,144,2,0,209.0,2.0,27.0,-2.992,-0.048900000000000055,-0.25763888888888886,254
15.0,94.0,111.0,23.0,205.0,117.0,0.4585365853658537,0.8034188034188035,62.0,398.0,11.0,62.0,50.5,262.0,0.728,4.816000000000001,0.058679999999999954,0.8533000000000001,0.2259973953254818,0.7945875893115973,2.778553191489362,3.8559148936170216,1.2197884574468085,1.331243670212766,0.6060445126548211,0.8340324191788091,mad,60001,206,121,2,0,62.0,-7.0,43.0,-0.2719999999999998,-0.04156499999999996,-0.20791156977530323,93
16.0,152.0,87.0,0.0,239.0,152.0,0.6359832635983264,1.0,135.5,263.0,9.0,33.0,82.0,234.0,0.08800000000000008,2.896,1.1102230246251565e-16,0.5454500000000001,0.36150444087302863,0.6911974906694196,2.044684210526316,3.0655364238410594,0.9931638881578945,1.0,0.4980710783148667,0.842119834616593,mad,60001,239,157,2,1,135.5,-9.0,76.0,-0.06399999999999961,-1.1102230246251565e-16,-0.36150444087302863,82
17.0,137.0,8.0,0.0,145.0,137.0,0.9448275862068966,1.0,62.0,305.0,24.0,48.0,62.0,305.0,0.04800000000000004,2.9999999999999996,0.0,0.06940400000000002,0.37794820122406325,0.740023918331032,3.389294117647059,3.466647058823529,0.9828328175182482,0.983903094890511,0.3841906572912987,0.7568408399146592,mad,60001,145,138,2,1,62.0,-24.0,61.0,-0.008000000000000007,0.0,-0.37652910832719233,6
18.0,142.0,3.0,0.0,145.0,142.0,0.9793103448275862,1.0,65.0,214.0,16.0,22.0,65.0,179.0,0.008000000000000007,2.7119999999999997,0.0,0.12225000000000008,0.2326938950124171,0.5228915662650603,3.305802816901408,3.3348732394366194,0.5974711267605635,0.5992792253521125,0.5258684364958225,0.8009721788942503,mad,60001,146,144,2,1,65.0,16.0,65.0,0.0,0.0,-0.2326938950124171,2
19.0,121.0,300.0,0.0,421.0,121.0,0.28741092636579574,1.0,270.0,480.0,18.0,62.0,51.0,564.0,2.8160000000000003,8.736,0.015990000000000032,0.3431709999999999,0.1384497705252422,0.7353117575142442,1.0132231404958678,3.9255537190082648,0.22673750413223143,0.2612587355371901,0.5622492554602627,0.6601818549640577,mad,60001,422,122,2,0,270.0,17.0,29.0,-2.8160000000000003,-0.009840000000000015,-0.06144393241167434,278
20.0,114.0,71.0,0.0,185.0,114.0,0.6162162162162163,1.0,74.0,275.0,17.0,56.0,52.0,198.0,0.19199999999999995,4.5840000000000005,0.0,0.26686,0.34277470795120085,0.9084427767354597,2.603087719298246,3.8545964912280706,0.9456366568421053,0.9703660543859649,0.4907144683807292,0.8490500108244724,mad,60001,186,128,2,1,74.0,-17.0,50.0,-0.1359999999999998,0.0,-0.34277470795120085,62
21.0,144.0,280.0,0.0,424.0,144.0,0.33962264150943394,1.0,127.0,310.0,5.0,48.0,36.0,242.0,2.2319999999999998,3.96,0.0019525000000000237,0.4643200000000001,0.24699302699731795,0.6467705361714579,1.2175555555555555,3.2293888888888893,0.9181806458333333,0.9486532958333334,0.5823505182560612,0.7949341664219067,mad,60001,425,150,2,0,127.0,-1.0,30.0,-2.2319999999999998,0.0,-0.23999733876710322,272
22.0,149.0,132.0,0.0,281.0,149.0,0.5302491103202847,1.0,164.0,193.0,5.0,15.0,72.0,179.0,1.984,2.5919999999999996,2.220446049250313e-16,0.43011000000000005,0.2528197235667179,0.6020342266709718,1.6089127516778523,3.1871140939597313,0.9843400355704698,0.9903166809395971,0.5361262224516677,0.795785934169239,mad,60001,282,151,2,1,164.0,-4.0,72.0,-1.984,0.0,-0.2528197235667179,131
23.0,140.0,194.0,0.0,334.0,140.0,0.41916167664670656,1.0,135.5,273.0,13.5,34.0,52.0,219.0,2.1959999999999997,4.224,0.021994999999999987,0.3695,0.289073368774474,0.7576435495898584,1.1861714285714287,3.2576,0.7347227457142858,0.764097167142857,0.5596180133789135,0.8304107644318324,mad,60001,335,149,2,0,135.5,12.0,33.5,-2.1959999999999997,0.0,-0.2820957558105917,189
24.0,178.0,2.0,0.0,180.0,178.0,0.9888888888888889,1.0,64.0,191.0,11.0,18.0,64.5,191.0,0.03200000000000003,0.23999999999999977,0.006849999999999967,0.08406599999999997,0.32046134574395946,0.6375334213287306,2.6666516853932585,2.6664719101123597,0.8916336094382025,0.892792086966292,0.5274451864542657,0.8546952161180198,mad,60001,180,180,2,1,64.0,11.0,64.5,0.0,0.0,-0.32046134574395946,0
25.0,127.0,11.0,0.0,138.0,127.0,0.9202898550724637,1.0,58.0,215.0,5.0,14.0,56.0,189.0,0.02400000000000002,3.7199999999999998,4.440892098500626e-16,0.42787,0.2282825755111234,0.5377401477180006,3.5223307086614173,3.7412913385826774,1.694776062992126,1.7154526771653544,0.4052600652825328,0.6581715698030375,mad,60001,139,128,2,0,58.0,5.0,56.0,0.0,0.0,-0.2282825755111234,10
26.0,124.0,46.0,12.0,170.0,136.0,0.7294117647058823,0.9117647058823529,33.0,536.0,6.0,61.0,31.0,536.0,0.08800000000000008,4.016,1.1102230246251565e-16,0.3919800000000001,0.14644805712930187,0.6363187762151492,3.001821138211383,3.4018861788617887,0.8294233417741935,0.8525526104838711,0.5460052577513749,0.6751914469659731,mad,60001,171,143,2,1,33.0,-2.5,29.0,-0.02400000000000002,-1.1102230246251565e-16,-0.1220211277684714,31
27.0,86.0,475.0,0.0,561.0,86.0,0.1532976827094474,1.0,425.0,598.0,13.5,50.0,108.5,459.0,4.952,7.192,0.12911999999999998,0.4776659999999999,0.35419510843284957,0.879241099289999,0.6730232558139534,5.447255813953489,0.2508694534883721,0.3869718255813953,0.3883345919914447,0.6902341575227009,mad,60001,562,90,2,1,425.0,-1.0,-108.5,-4.952,-0.12911999999999998,-0.3508662899727772,397
28.0,139.0,22.0,3.0,161.0,142.0,0.8633540372670807,0.9788732394366197,89.0,217.0,23.0,60.0,83.0,200.0,0.09599999999999964,2.952,0.0,0.17301999999999995,0.34863807485052045,0.7214838615452023,3.0652086330935253,3.29294964028777,0.9933472014388488,0.9951053237410071,0.5548520567418118,0.8645144974635627,mad,60001,161,146,2,1,89.0,-23.0,82.0,-0.016000000000000014,0.0,-0.34863807485052045,15
29.0,131.0,102.0,17.0,233.0,148.0,0.5622317596566524,0.8851351351351351,44.0,460.0,20.0,62.0,27.0,221.0,0.544,4.784,5.551115123125783e-17,0.2678400000000001,0.18000956044706484,0.7884255930984903,2.121587786259542,3.1516335877862596,0.3542340152671755,0.3735529847328244,0.6513536479049976,0.8277331854496911,mad,60001,234,150,2,1,44.0,-16.0,25.0,-0.3039999999999998,-5.551115123125783e-17,-0.16303072953319264,78
30.0,145.0,26.0,1.0,171.0,146.0,0.847953216374269,0.9931506849315068,109.0,321.0,14.0,35.0,74.0,332.0,0.05600000000000005,3.24,0.007727999999999957,0.29211560000000003,0.31466813348001466,0.608064339643287,2.906703448275862,3.1888551724137932,1.2791631834482757,1.2959409048275865,0.5187614128656572,0.8422403436713621,mad,60001,171,151,2,0,109.0,13.0,74.0,-0.008000000000000007,-2.220446049250313e-16,-0.31466813348001466,23
31.0,138.0,211.0,0.0,349.0,138.0,0.3954154727793696,1.0,145.5,384.0,11.0,31.0,44.5,300.0,2.02,3.888,0.009775000000000034,0.35875400000000013,0.22078837415545344,0.7099879470949305,1.2292753623188404,3.2644637681159425,0.8686657708695652,0.890178325942029,0.6222983085314234,0.8389885955728305,mad,60001,349,151,2,0,145.5,7.0,40.5,-2.02,-0.0004885000000000028,-0.2133007598158782,197
32.0,196.0,140.0,0.0,336.0,196.0,0.5833333333333334,1.0,81.5,131.0,7.0,17.0,31.5,83.0,1.452,1.9999999999999998,2.220446049250313e-16,0.0737899999999998,0.38784492573855944,0.5838155225792676,1.3401632653061224,2.4337142857142857,1.673624642857143,1.6771910714285716,0.5134786683671072,0.9025616805539747,mad,60001,336,197,2,0,81.5,7.0,31.0,-1.452,0.0,-0.38784492573855944,139
33.0,109.0,126.0,4.0,235.0,113.0,0.46382978723404256,0.9646017699115044,228.0,414.0,7.0,48.0,73.0,363.0,3.1759999999999993,6.24,0.0,0.30792,0.38020217716538685,0.8017752032140522,1.3569908256880734,4.213284403669725,0.9527294704587156,0.9685669759633029,0.3437693773482234,0.7115422262052197,mad,60001,236,114,2,0,228.0,4.0,72.0,-3.1759999999999993,0.0,-0.379957088283008,116
34.0,136.0,21.0,0.0,157.0,136.0,0.8662420382165605,1.0,188.5,321.0,21.0,31.0,186.0,310.0,0.016000000000000014,4.048,0.00743500000000008,1.0334699999999997,0.11443998943143568,0.6516767313375306,3.2777058823529415,3.4072941176470586,1.0498857352941178,1.073995588235294,0.5704130419228038,0.6817245011479245,mad,60001,158,142,2,1,188.5,21.0,186.0,0.0,0.0,-0.1058769959509891,16
36.0,147.0,181.0,0.0,328.0,147.0,0.4481707317073171,1.0,148.0,302.0,28.0,55.0,53.0,251.0,2.292,4.032,0.011649999999999938,0.31649700000000003,0.4536476784650595,0.9455189275777759,1.2223673469387755,3.2481095890410963,0.7868304897959183,0.8287031360544218,0.47536171725828097,0.8995905964959232,mad,60001,329,147,2,0,148.0,7.0,42.0,-2.292,0.0,-0.4536476784650595,148
37.0,146.0,37.0,3.0,183.0,149.0,0.7978142076502732,0.9798657718120806,44.0,288.0,9.0,59.0,44.0,228.0,0.10400000000000009,3.3599999999999994,0.027675000000000005,1.0775401000000002,0.20082492617433695,0.8207875457875458,2.8224109589041095,3.143616438356164,1.029928643150685,1.0744786520547944,0.5406672171504291,0.7732188451815036,mad,60001,184,153,2,1,44.0,0.5,42.0,-0.020000000000000018,0.0,-0.1996142908018923,27
38.0,125.0,74.0,5.0,199.0,130.0,0.628140703517588,0.9615384615384616,66.0,330.0,26.0,51.0,67.0,340.0,0.08799999999999997,4.144,0.0,0.8416400000000002,0.3935004609602155,0.7339246119733924,2.8551612903225805,3.5520645161290325,0.9097319824,0.951327224,0.42624342420736466,0.7741473367715334,mad,60001,199,135,2,1,66.0,-26.0,64.0,-0.03600000000000003,0.0,-0.3905913077841636,62
40.0,122.0,55.0,3.0,177.0,125.0,0.6892655367231638,0.976,55.5,321.0,11.0,54.0,55.0,740.0,0.1080000000000001,4.056,0.00012216000000020433,0.287562,0.2868466523901787,0.8153323047031259,3.100327868852459,3.517770491803278,0.9090510634426231,0.934906820327869,0.49527027585151584,0.791945994792657,mad,60001,178,144,2,0,55.5,-6.5,50.5,-0.03200000000000003,2.220446049250313e-16,-0.28652578140402746,38
41.0,110.0,16.0,1.0,126.0,111.0,0.873015873015873,0.990990990990991,84.0,379.0,10.0,55.0,76.5,379.0,0.09199999999999964,4.344,0.014669999999999739,0.4009800000000001,0.32954337851442295,0.765424177020747,3.958618181818182,4.26210909090909,1.4270079090909094,1.4431225,0.5199360997664868,0.8552755818872914,mad,60001,126,113,2,1,84.0,6.5,75.0,-0.016000000000000014,0.0,-0.32954337851442295,14
42.0,137.0,10.0,0.0,147.0,137.0,0.9319727891156463,1.0,141.0,211.0,5.0,20.0,138.0,211.0,0.04800000000000004,2.896,0.0,0.011971639999999839,0.2528740979373949,0.5648526656446943,3.3153284671532846,3.4724087591240878,1.0004012557664235,1.0004886400000002,0.5570403044278422,0.8221669081707408,mad,60001,147,138,2,0,141.0,-3.0,138.0,0.0,0.0,-0.2528740979373949,9
43.0,139.0,35.0,0.0,174.0,139.0,0.7988505747126436,1.0,105.0,347.0,12.0,55.0,98.0,198.0,0.12799999999999967,3.584,0.007819999999999938,0.27077399999999996,0.24225343340288386,0.8502713585434174,2.828086330935252,3.42146762589928,0.9141963244604316,0.9232049575539566,0.5626541121239911,0.8518523068273433,mad,60001,175,140,2,0,105.0,-5.0,95.0,-0.05600000000000005,0.0,-0.24225343340288386,31
44.0,123.0,213.0,9.0,336.0,132.0,0.36607142857142855,0.9318181818181818,174.0,357.0,19.0,59.0,18.0,138.0,2.3600000000000003,3.8960000000000004,1.1102230246251565e-16,0.427559,0.24584187742082486,0.6298563760336573,1.2334308943089431,3.5953170731707313,0.7640506307317074,0.7944177089430896,0.6398997753226036,0.6750727544365223,mad,60001,336,133,2,0,174.0,-12.0,18.0,-2.3600000000000003,0.0,-0.02976150183894044,202
45.0,127.0,110.0,0.0,237.0,127.0,0.5358649789029536,1.0,140.0,341.0,15.0,50.0,66.0,273.0,2.628,3.8480000000000003,0.003009999999999957,0.2663622,0.4576467624086672,0.921363094504049,1.9217637795275588,3.7391111111111117,0.32036996102362214,0.330080512992126,0.46040511707475706,0.9231429052831488,mad,60001,238,128,2,1,140.0,2.0,61.0,-2.628,0.0,-0.4576467624086672,94
46.0,112.0,208.0,11.0,320.0,123.0,0.35,0.9105691056910569,184.0,562.0,17.0,63.0,56.0,503.0,2.856,8.224,1.1102230246251565e-16,0.8406986399999999,0.38341043946677167,0.8135046527299297,1.366198198198198,3.644828828828829,0.7729290644642858,0.8290506571428571,0.4403785158563191,0.7521140148753093,mad,60001,321,134,2,1,184.0,-3.0,46.5,-2.856,0.0,-0.3656581323249739,179
47.0,172.0,9.0,0.0,181.0,172.0,0.9502762430939227,1.0,74.0,162.0,12.0,28.0,74.0,110.0,0.0479999999999996,2.48,0.0033599999999999186,1.0946900000000002,0.35481866361637004,0.9180035237388724,2.6887906976744187,2.7142325581395355,1.143995976744186,1.1654655232558142,0.5624274742868071,0.9302672457602371,mad,60001,182,178,2,1,74.0,12.0,74.0,0.023999999999999577,0.0,-0.35481866361637004,4
48.0,139.0,32.0,2.0,171.0,141.0,0.8128654970760234,0.9858156028368794,61.0,365.0,19.0,61.0,61.0,365.0,0.11999999999999966,3.824,2.220446049250313e-16,0.56243,0.2500939810367152,0.7957208255741776,3.005122302158273,3.318503597122302,0.8861084565467627,0.9094118656115109,0.6146463159632981,0.8816005597059152,mad,60001,171,144,2,0,61.0,-16.0,60.0,-0.03200000000000003,2.220446049250313e-16,-0.2500939810367152,28
49.0,135.0,57.0,0.0,192.0,135.0,0.703125,1.0,59.0,272.0,8.0,43.0,51.0,334.0,0.13199999999999967,4.167999999999999,0.012710000000000055,0.2600199999999999,0.2690821482767791,0.8875119813775161,2.4939259259259257,3.4934328358208955,0.5808555555555556,0.6011080148148148,0.5377799610316553,0.8749562145087745,mad,60001,193,137,2,0,59.0,3.0,50.0,-0.09600000000000009,-0.000980000000000092,-0.2690821482767791,52
50.0,117.0,18.0,0.0,135.0,117.0,0.8666666666666667,1.0,70.0,194.0,25.0,61.0,67.0,194.0,0.07199999999999984,3.4559999999999995,0.0,0.033236000000000154,0.3905201342281879,0.6123397675694549,3.6371034482758615,4.046206896551724,0.9984292880341881,0.9986715846153846,0.5050223760310664,0.8872225676752132,mad,60001,136,118,2,1,70.0,-25.0,67.0,-0.016000000000000014,0.0,-0.3905201342281879,18
51.0,146.0,10.0,0.0,156.0,146.0,0.9358974358974359,1.0,84.0,248.0,10.0,32.0,85.0,207.0,0.06400000000000006,3.552,0.0024400000000000532,0.3154,0.33848088426019585,0.7866030610216657,3.168328767123288,3.2579862068965517,0.8661615753424657,0.8757240410958903,0.5737534016747333,0.9195664988732155,mad,60001,156,146,2,0,84.0,9.5,83.0,-0.008000000000000007,0.0,-0.33848088426019585,5
52.0,145.0,14.0,1.0,159.0,146.0,0.9119496855345912,0.9931506849315068,91.0,258.0,18.0,29.0,86.0,232.0,0.040000000000000036,2.968,0.013929999999999998,0.23088000000000006,0.16836645441186748,0.7846938775510204,3.071277777777778,3.249722222222222,0.6548639575172414,0.6719294128275862,0.666112219917447,0.8155073211286296,mad,60001,160,147,2,1,91.0,18.0,85.0,-0.008000000000000007,0.0,-0.1491942421288065,13
53.0,153.0,50.0,0.0,203.0,153.0,0.7536945812807881,1.0,55.0,213.0,12.0,39.0,47.0,201.0,0.19600000000000017,3.176,0.010504999999999987,0.18983,0.28900000000000003,0.8505782105903835,2.34378947368421,3.097473684210526,0.7457655390849672,0.7617725623529411,0.5390258411842408,0.8820631988654783,mad,60001,203,155,2,0,55.0,7.0,47.0,-0.1319999999999999,-1.1102230246251565e-16,-0.28900000000000003,42
