subject,matched_objects,featuregraph_only_objects,llm_only_objects,featuregraph_complete_objects,llm_complete_objects,featuregraph_matched_fraction,llm_matched_fraction,median_absolute_start_index_error,maximum_absolute_start_index_error,median_absolute_peak_index_error,maximum_absolute_peak_index_error,median_absolute_end_index_error,maximum_absolute_end_index_error,median_absolute_period_seconds_error,maximum_absolute_period_seconds_error,median_absolute_full_excursion_error,maximum_absolute_full_excursion_error,median_absolute_temporal_symmetry_error,maximum_absolute_temporal_symmetry_error,featuregraph_mean_period_seconds,llm_mean_period_seconds,featuregraph_mean_full_excursion,llm_mean_full_excursion,featuregraph_mean_temporal_symmetry,llm_mean_temporal_symmetry,samples,featuregraph_detected_peaks,llm_detected_peaks,featuregraph_partial_objects,llm_partial_objects,median_signed_start_index_difference,median_signed_peak_index_difference,median_signed_end_index_difference,median_signed_period_seconds_difference,median_signed_full_excursion_difference,median_signed_temporal_symmetry_difference,featuregraph_only_excluded_by_both_annotators
1.0,169.0,5.0,0.0,174.0,169.0,0.9712643678160919,1.0,53.0,191.0,10.0,29.0,53.0,191.0,0.040000000000000036,1.3359999999999999,0.004886999999999975,0.42815000000000003,0.24967964429766853,0.5557813542980049,2.8018571428571426,2.821285714285714,0.8961346437869823,0.9027111467455623,0.5960787684944024,0.8437828070786153,60001.0,175.0,170.0,2.0,1.0,53.0,9.0,53.0,-0.008000000000000007,0.0,-0.24967964429766853,2.0
2.0,121.0,33.0,0.0,154.0,121.0,0.7857142857142857,1.0,177.0,290.0,12.0,35.0,166.0,247.0,0.1200000000000001,3.5279999999999996,0.014759999999999884,0.39483099999999993,0.14720730728877374,0.5581460674157303,3.3426115702479335,3.8737190082644624,1.1103397024793389,1.136485550413223,0.5483338925571912,0.7172748489688154,60001.0,154.0,124.0,2.0,0.0,177.0,-9.0,164.0,-0.05600000000000005,0.0,-0.14572466038744403,29.0
3.0,80.0,71.0,59.0,151.0,139.0,0.5298013245033113,0.5755395683453237,135.5,226.0,38.5,63.0,122.0,1579.0,0.248,3.464,0.004884999999999973,0.17107000000000006,0.5408647476122779,0.9134681711302106,2.9089,3.379,0.559224975,0.5634774374999999,0.3100593025414419,0.8645772372770584,60001.0,152.0,142.0,2.0,0.0,135.5,-38.5,122.0,-0.07999999999999985,0.0,-0.5408647476122779,63.0
4.0,130.0,5.0,1.0,135.0,131.0,0.9629629629629629,0.9923664122137404,126.5,432.0,16.0,30.0,126.5,729.0,0.03200000000000003,3.9680000000000004,0.006019999999999914,0.06024000000000007,0.5353364196567918,0.8616899800171283,3.5405538461538466,3.6127384615384615,0.5138791846153846,0.5146905461538462,0.25445583467124955,0.7736478477426361,60001.0,136.0,133.0,2.0,1.0,126.5,16.0,126.5,-0.008000000000000007,0.0,-0.5353364196567918,3.0
5.0,1.0,58.0,78.0,59.0,79.0,0.01694915254237288,0.012658227848101266,731.0,731.0,44.0,44.0,231.0,231.0,0.8479999999999999,0.8479999999999999,0.0,0.0,0.07209153325164874,0.07209153325164874,8.824,7.976,1.0,1.0,0.2622309197651663,0.33432245301681507,60001.0,59.0,79.0,2.0,0.0,731.0,-44.0,231.0,0.8479999999999999,0.0,-0.07209153325164874,37.0
6.0,159.0,24.0,0.0,183.0,159.0,0.8688524590163934,1.0,65.0,211.0,8.0,27.0,64.0,221.0,0.03600000000000003,3.12,0.0,0.25611000000000006,0.33281664571987146,0.687551867219917,2.7563037974683544,2.9995443037974683,0.8880285056603773,0.9070562911949686,0.4668295494072268,0.7961132632122365,60001.0,184.0,159.0,2.0,0.0,65.0,7.0,64.0,0.0,0.0,-0.3315217391304348,22.0
7.0,157.0,34.0,0.0,191.0,157.0,0.8219895287958116,1.0,159.0,214.0,3.0,19.0,151.0,196.0,0.06400000000000006,2.3360000000000003,0.0,0.17595000000000005,0.3529984277906716,0.6509232252693614,2.6212484076433116,2.986496815286624,0.9861342146496814,0.9946890481528662,0.4254172482655603,0.79059290855984,60001.0,192.0,161.0,2.0,1.0,159.0,-1.0,151.0,-0.02400000000000002,0.0,-0.3529984277906716,32.0
8.0,168.0,1.0,0.0,169.0,168.0,0.9940828402366864,1.0,188.5,275.0,7.0,17.0,188.5,275.0,0.03200000000000003,0.23199999999999976,0.004880000000000023,0.04301000000000005,0.40479311110131777,0.7837263060564031,2.828904761904762,2.827714285714286,0.42484738095238095,0.427494880952381,0.3067431251065899,0.7302678553840687,60001.0,170.0,169.0,2.0,0.0,188.5,7.0,188.5,0.0,0.0,-0.40479311110131777,0.0
9.0,55.0,0.0,103.0,55.0,158.0,1.0,0.34810126582278483,211.0,248.0,12.0,37.0,235.0,3957.0,0.14800000000000013,29.848,0.003910000000000025,0.044969999999999954,0.6689915846526886,0.9826071964626182,8.336,2.997963636363637,0.2688705454545454,0.26144200000000006,0.05022762161626817,0.7592011103690813,60001.0,56.0,159.0,2.0,0.0,211.0,-12.0,235.0,0.14800000000000013,0.003909999999999969,-0.6689915846526886,0.0
10.0,145.0,13.0,3.0,158.0,148.0,0.9177215189873418,0.9797297297297297,59.0,377.0,9.0,59.0,59.0,411.0,0.040000000000000036,3.112,0.005819999999999936,0.97475,0.2607550482879719,0.8321678321678322,3.076388888888889,3.2271666666666667,0.7907998958620689,0.8271176620689655,0.5036829792496544,0.8107144416002479,60001.0,159.0,148.0,2.0,0.0,59.0,7.0,59.0,-0.008000000000000007,0.0,-0.2607550482879719,12.0
11.0,111.0,28.0,5.0,139.0,116.0,0.7985611510791367,0.9568965517241379,80.0,351.0,23.0,61.0,80.0,351.0,0.17600000000000016,4.448,0.01711000000000007,0.29828999999999994,0.43310502283105023,0.820982611739993,3.581890909090909,4.043563636363637,0.6657850900900901,0.6999267567567569,0.3445471941692539,0.7755662794777882,60001.0,140.0,119.0,2.0,1.0,80.0,-20.0,77.0,-0.07200000000000006,-0.007340000000000013,-0.43310502283105023,22.0
12.0,150.0,3.0,0.0,153.0,150.0,0.9803921568627451,1.0,72.5,178.0,6.0,16.0,72.0,178.0,0.027999999999999803,2.76,0.0,0.093839,0.34487121681730215,0.7544622295690139,3.13632,3.1696000000000004,0.8490391066666666,0.85309918,0.5446936768788627,0.8913669501198175,60001.0,154.0,151.0,2.0,0.0,72.5,5.0,72.0,0.0,0.0,-0.34487121681730215,2.0
13.0,9.0,1.0,96.0,10.0,105.0,0.9,0.08571428571428572,109.0,500.0,12.0,22.0,3950.0,7778.0,39.391999999999996,131.064,0.015639999999999987,0.02248,0.6263871052823632,0.7417975637024157,48.958999999999996,3.741333333333333,0.32486133333333334,0.313568,0.06788252616498865,0.6508910424342734,60001.0,11.0,106.0,2.0,1.0,109.0,-12.0,3950.0,39.391999999999996,0.015639999999999987,-0.6263871052823632,1.0
14.0,70.0,215.0,31.0,285.0,101.0,0.24561403508771928,0.693069306930693,188.5,494.0,20.0,63.0,47.0,514.0,2.064,5.0,0.02077999999999991,0.59168,0.43105552423269045,0.8697420968163326,1.4137142857142857,3.5170285714285714,0.8260901428571428,0.8892413571428571,0.3900999808287574,0.767405167377907,60001.0,286.0,144.0,2.0,0.0,188.5,-15.0,46.0,-2.064,-0.001224999999999976,-0.43105552423269045,190.0
15.0,83.0,83.0,34.0,166.0,117.0,0.5,0.7094017094017094,74.0,265.0,15.0,63.0,66.0,1424.0,0.44799999999999995,11.712,0.022009999999999863,0.78973,0.30041568363105264,0.8229909154437457,3.31055421686747,3.817927710843374,1.2862107228915662,1.395145843373494,0.5199387459128335,0.8485517212569401,60001.0,167.0,121.0,2.0,0.0,74.0,-12.0,61.0,0.040000000000000036,0.0,-0.30041568363105264,69.0
16.0,152.0,57.0,0.0,209.0,152.0,0.7272727272727273,1.0,150.0,266.0,12.0,32.0,110.0,233.0,0.05600000000000005,2.904,0.0,0.54545,0.40726314907734895,0.7079539394418219,2.397473684210526,3.0655364238410594,0.9926043486842104,1.0,0.42922319757664995,0.842119834616593,60001.0,209.0,157.0,2.0,1.0,150.0,-11.0,96.5,-0.016000000000000014,0.0,-0.40726314907734895,52.0
17.0,136.0,3.0,1.0,139.0,137.0,0.9784172661870504,0.9927007299270073,66.0,231.0,27.0,51.0,66.0,449.0,0.04800000000000004,3.7119999999999997,0.0,0.17107000000000006,0.41399878271454654,0.806603382714458,3.4718222222222224,3.4644740740740745,0.9880541176470589,0.9904261029411764,0.3451318012215514,0.7595938685863223,60001.0,139.0,138.0,2.0,1.0,66.0,-27.0,66.0,0.0,0.0,-0.41399878271454654,2.0
18.0,142.0,2.0,0.0,144.0,142.0,0.9861111111111112,1.0,74.0,218.0,5.0,19.0,74.0,194.0,0.016000000000000014,2.7039999999999997,0.0,0.12225000000000008,0.3533542973982781,0.6418461538461538,3.315830985915493,3.3348732394366194,0.5974711267605635,0.5992792253521125,0.41406070406861334,0.8009721788942503,60001.0,145.0,144.0,2.0,1.0,74.0,3.0,74.0,0.0,0.0,-0.3533542973982781,1.0
19.0,12.0,4.0,109.0,16.0,121.0,0.75,0.09917355371900827,91.5,338.0,7.0,28.0,1777.0,7809.0,17.972,64.08800000000001,0.11131550000000001,0.27183100000000004,0.5052986650749858,0.9580091593409485,24.258,3.086,0.46617574999999994,0.43388808333333334,0.06321319260349148,0.6108774464804403,60001.0,17.0,122.0,2.0,0.0,91.5,-5.5,1777.0,17.972,0.026444499999999982,-0.5052986650749858,3.0
20.0,113.0,71.0,1.0,184.0,114.0,0.6141304347826086,0.9912280701754386,83.0,277.0,19.0,59.0,61.0,228.0,0.20800000000000018,4.192,0.0,0.26686,0.3973811659192825,0.896820275145933,2.555469026548673,3.84212389380531,0.9468855653097344,0.9713322141592922,0.4404415381411914,0.8478436759321356,60001.0,185.0,128.0,2.0,1.0,83.0,-19.0,57.0,-0.14400000000000013,0.0,-0.3973811659192825,62.0
21.0,143.0,145.0,1.0,288.0,144.0,0.4965277777777778,0.9930555555555556,153.0,312.0,6.0,53.0,58.0,572.0,1.7519999999999998,5.824,0.00195500000000004,0.47117,0.3488211456990238,0.6896014640889356,1.7524475524475525,3.2408951048951047,0.9136162293706293,0.9490324797202797,0.4761797627596015,0.7948285602969277,60001.0,289.0,150.0,2.0,0.0,153.0,-4.0,50.0,-1.7519999999999998,0.0,-0.3488211456990238,138.0
22.0,149.0,24.0,0.0,173.0,149.0,0.861271676300578,1.0,172.0,207.0,8.0,19.0,168.0,207.0,0.06400000000000006,2.536,0.0,0.43011,0.3714114832535885,0.7001937358734259,2.9088322147651007,3.1871140939597313,0.9843859550335571,0.9903166809395971,0.41423357203909095,0.795785934169239,60001.0,174.0,151.0,2.0,1.0,172.0,-8.0,168.0,-0.016000000000000014,0.0,-0.3714114832535885,23.0
23.0,140.0,103.0,0.0,243.0,140.0,0.5761316872427984,1.0,137.5,250.0,11.5,47.0,74.0,219.0,1.804,4.224,0.01857650000000005,0.35678999999999994,0.44992848791080303,0.8907292815613842,1.9316000000000002,3.2576,0.7443722028571428,0.764097167142857,0.3903040681568134,0.8304107644318324,60001.0,244.0,149.0,2.0,0.0,137.5,8.5,70.5,-1.804,0.0,-0.44992848791080303,97.0
24.0,178.0,2.0,0.0,180.0,178.0,0.9888888888888889,1.0,64.0,191.0,11.0,18.0,64.5,191.0,0.03200000000000003,0.23999999999999977,0.006849999999999912,0.08406599999999997,0.32046134574395946,0.6375334213287306,2.6666516853932585,2.6664719101123597,0.8916336094382025,0.892792086966292,0.5274451864542657,0.8546952161180198,60001.0,180.0,180.0,2.0,1.0,64.0,11.0,64.5,0.0,0.0,-0.32046134574395946,0.0
25.0,127.0,9.0,0.0,136.0,127.0,0.9338235294117647,1.0,59.0,215.0,5.0,14.0,58.0,196.0,0.02400000000000002,3.7199999999999998,0.0,0.42787,0.23379770416592838,0.5431020780129068,3.5655433070866147,3.7412913385826774,1.694776062992126,1.7154526771653544,0.40002367993803695,0.6581715698030375,60001.0,137.0,128.0,2.0,0.0,59.0,5.0,58.0,0.0,0.0,-0.23379770416592838,8.0
26.0,107.0,51.0,29.0,158.0,136.0,0.6772151898734177,0.7867647058823529,44.0,198.0,8.0,62.0,41.0,675.0,0.08800000000000008,6.68,0.0,0.3577699999999999,0.21424271093145253,0.7050816696914701,3.2447102803738317,3.371094339622642,0.8562684614953272,0.8692776990654205,0.4136184442187655,0.6643250892150069,60001.0,159.0,143.0,2.0,1.0,44.0,-7.0,41.0,0.0,0.0,-0.21294556301267709,32.0
27.0,7.0,31.0,79.0,38.0,86.0,0.18421052631578946,0.08139534883720931,79.0,574.0,29.0,54.0,109.0,895.0,1.584,70.408,0.03689999999999999,0.47766600000000015,0.2880491308008518,0.7263126000952257,12.862857142857143,3.8537142857142856,1.2976424285714288,1.4466020000000002,0.4826601650432672,0.6782565131801144,60001.0,39.0,90.0,2.0,1.0,79.0,-4.0,34.0,-0.3919999999999999,-0.03689999999999999,-0.17742938907552575,28.0
28.0,136.0,22.0,6.0,158.0,142.0,0.8607594936708861,0.9577464788732394,97.0,224.0,29.0,63.0,93.0,207.0,0.08000000000000007,2.992,0.0,0.17400000000000004,0.4169397827608455,0.6397674418604651,3.1176470588235294,3.2879411764705884,0.9925894852941177,0.9949973529411764,0.47743439762200085,0.8653819161742701,60001.0,158.0,146.0,2.0,1.0,97.0,-29.0,93.0,-0.008000000000000007,0.0,-0.4169397827608455,12.0
29.0,55.0,39.0,93.0,94.0,148.0,0.5851063829787234,0.3716216216216216,128.0,270.0,34.0,61.0,138.0,2844.0,0.5680000000000001,15.983999999999998,0.007819999999999994,0.16813,0.7348943636348936,0.964205760070023,4.536581818181818,2.997090909090909,0.40952619999999995,0.4025058727272727,0.13673787859801037,0.8458111790969767,60001.0,95.0,150.0,2.0,1.0,128.0,-34.0,138.0,0.24799999999999978,0.0,-0.7348943636348936,19.0
30.0,145.0,35.0,1.0,180.0,146.0,0.8055555555555556,0.9931506849315068,108.0,320.0,15.0,33.0,72.0,330.0,0.05600000000000005,3.248,0.007727999999999957,0.29211560000000003,0.2942105263157895,0.6003720319509793,2.7836689655172413,3.1888551724137932,1.279418976551724,1.2959409048275865,0.5392475525076853,0.8422403436713621,60001.0,180.0,151.0,2.0,0.0,108.0,14.0,72.0,-0.02400000000000002,0.0,-0.2942105263157895,32.0
31.0,138.0,195.0,0.0,333.0,138.0,0.4144144144144144,1.0,156.0,385.0,11.0,29.0,54.0,252.0,2.048,3.864,0.009771499999999989,0.36558899999999994,0.293464571384724,0.9271328246228664,1.3038260869565217,3.2644637681159425,0.8729583650724638,0.890178325942029,0.5500422022908658,0.8389885955728305,60001.0,333.0,151.0,2.0,0.0,156.0,6.0,50.0,-2.048,0.0,-0.293464571384724,183.0
32.0,196.0,204.0,0.0,400.0,196.0,0.49,1.0,77.5,127.0,11.0,22.0,19.0,74.0,1.472,1.9680000000000002,0.01941500000000007,0.18835000000000002,0.2500380054087095,0.42012782637239565,1.0346938775510204,2.4337142857142857,1.6382962551020408,1.6771910714285716,0.6758314398549856,0.9025616805539747,60001.0,400.0,197.0,2.0,0.0,77.5,11.0,-4.0,-1.472,-0.004854999999999943,-0.2500380054087095,203.0
33.0,101.0,109.0,12.0,210.0,113.0,0.48095238095238096,0.8938053097345132,230.0,418.0,6.0,57.0,84.0,361.0,3.112,6.24,0.0,0.79472,0.421850613154961,0.8499783205665559,1.4152079207920794,4.163247524752475,0.9388132403960397,0.9666579344554456,0.29435438450502893,0.7122281556508436,60001.0,211.0,114.0,2.0,0.0,230.0,0.0,83.0,-3.112,0.0,-0.421850613154961,98.0
34.0,136.0,16.0,0.0,152.0,136.0,0.8947368421052632,1.0,194.0,324.0,18.0,32.0,193.0,313.0,0.0239999999999998,3.832,0.00743500000000008,1.0334699999999999,0.15890017144300816,0.7073868235040198,3.3021764705882353,3.4072941176470586,1.0497763970588234,1.073995588235294,0.5139864058510282,0.6817245011479245,60001.0,153.0,142.0,2.0,1.0,194.0,18.0,193.0,0.0,0.0,-0.14884006742601286,11.0
35.0,118.0,26.0,3.0,144.0,121.0,0.8194444444444444,0.9752066115702479,72.5,231.0,37.5,60.0,77.5,252.0,0.08000000000000007,3.128,0.0,0.18279999999999996,0.6069467734580704,0.761738523302496,3.3219829059829062,3.263726495726496,0.9962721525423729,0.9981692372881356,0.2875881493939522,0.8736033603966297,60001.0,145.0,159.0,2.0,0.0,72.5,-37.5,74.0,0.008000000000000007,0.0,-0.6069467734580704,3.0
36.0,147.0,74.0,0.0,221.0,147.0,0.665158371040724,1.0,140.0,311.0,30.0,60.0,97.0,247.0,0.6200000000000001,3.344,0.007770000000000055,0.30679999999999996,0.6103578210301448,0.9779143897996357,1.9059591836734688,3.2481095890410963,0.8191004612244898,0.8287031360544218,0.29561482097457753,0.8995905964959232,60001.0,222.0,147.0,2.0,0.0,140.0,-16.0,96.0,-0.6200000000000001,0.0,-0.6103578210301448,69.0
37.0,146.0,35.0,3.0,181.0,149.0,0.8066298342541437,0.9798657718120806,46.0,289.0,9.0,62.0,45.0,257.0,0.11199999999999966,3.3599999999999994,0.027675000000000005,1.0640100000000001,0.22287661967290578,0.7215996484289167,2.79972602739726,3.143616438356164,1.0320348232876713,1.0744786520547944,0.5175793330218154,0.7732188451815036,60001.0,182.0,153.0,2.0,1.0,46.0,-1.0,43.0,-0.01200000000000001,0.0,-0.22137440316965318,27.0
38.0,123.0,50.0,7.0,173.0,130.0,0.7109826589595376,0.9461538461538461,73.0,447.0,30.0,47.0,72.0,575.0,0.05600000000000005,4.344,0.0,0.37341,0.4577018867577727,0.8206090947017105,3.109573770491803,3.568262295081967,0.9473092341463415,0.9595480650406505,0.3142475922531539,0.7750386949331931,60001.0,174.0,135.0,2.0,1.0,73.0,-29.0,72.0,-0.016000000000000014,0.0,-0.4577018867577727,43.0
39.0,52.0,63.0,2.0,115.0,54.0,0.45217391304347826,0.9629629629629629,71.0,400.0,40.5,58.0,71.0,400.0,0.09200000000000008,3.968,0.0,0.0,0.47775744006960513,0.7930629279954617,4.169846153846153,3.225999999999999,1.0,1.0,0.2232625665732815,0.7428569738002354,60001.0,116.0,180.0,2.0,1.0,71.0,-40.5,71.0,0.06000000000000005,0.0,-0.47775744006960513,7.0
40.0,120.0,46.0,5.0,166.0,125.0,0.7228915662650602,0.96,62.0,327.0,13.0,56.0,61.5,744.0,0.10000000000000009,3.6400000000000006,0.00012215999999998228,0.28756200000000004,0.3353287270355342,0.8385563144502477,3.240933333333333,3.5456,0.9130914895,0.9402964036666667,0.43965937771400565,0.7905728649218439,60001.0,167.0,144.0,2.0,0.0,62.0,-11.0,59.0,-0.02400000000000002,0.0,-0.3353287270355342,28.0
41.0,110.0,18.0,1.0,128.0,111.0,0.859375,0.990990990990991,82.5,377.0,11.0,53.0,72.0,377.0,0.07999999999999985,4.28,0.01222499999999993,0.40098,0.30570241539457543,0.8660633982489307,3.9415999999999993,4.26210909090909,1.4267633636363637,1.4431225,0.5430502831493417,0.8552755818872914,60001.0,128.0,113.0,2.0,1.0,82.5,9.0,72.0,-0.01200000000000001,0.0,-0.30570241539457543,16.0
42.0,137.0,11.0,0.0,148.0,137.0,0.9256756756756757,1.0,157.0,245.0,6.0,16.0,153.0,219.0,0.040000000000000036,3.2640000000000002,0.0,0.01197163999999995,0.31607744107744107,0.6167889618368851,3.2724087591240876,3.4724087591240878,1.0004012557664235,1.0004886400000002,0.48447263438467697,0.8221669081707408,60001.0,148.0,138.0,2.0,0.0,157.0,-6.0,153.0,0.0,0.0,-0.31607744107744107,10.0
43.0,139.0,32.0,0.0,171.0,139.0,0.8128654970760234,1.0,108.0,351.0,13.0,57.0,103.0,202.0,0.11999999999999966,3.912,0.007819999999999938,0.875854,0.2880380923340351,0.9394820634654627,2.784,3.42146762589928,0.9126703028776978,0.9232049575539566,0.5077545972045403,0.8518523068273433,60001.0,172.0,140.0,2.0,0.0,108.0,-11.0,101.0,-0.06400000000000006,0.0,-0.2880380923340351,30.0
44.0,97.0,192.0,35.0,289.0,132.0,0.3356401384083045,0.7348484848484849,213.0,335.0,34.0,63.0,36.0,467.0,2.376,3.9120000000000004,0.0,0.19105799999999995,0.3288702348329806,0.8057117325092155,1.2704329896907218,3.5477938144329895,0.8036548795876289,0.8203215096907217,0.33910039750529664,0.6836639800338327,60001.0,289.0,133.0,2.0,0.0,213.0,-34.0,36.0,-2.376,0.0,-0.3288702348329806,169.0
45.0,3.0,44.0,124.0,47.0,127.0,0.06382978723404255,0.023622047244094488,166.0,173.0,55.0,58.0,578.0,583.0,3.9840000000000004,4.552,0.0045199999999999685,0.009029699999999974,0.8495073545642446,0.8870413114136324,6.386666666666667,3.4266666666666663,0.3225479,0.31803133333333333,0.05078199333356267,0.8950145341704944,60001.0,48.0,128.0,2.0,1.0,166.0,-55.0,578.0,3.9840000000000004,0.0045199999999999685,-0.8495073545642446,42.0
46.0,104.0,183.0,19.0,287.0,123.0,0.3623693379790941,0.8455284552845529,181.0,568.0,18.0,61.0,63.0,507.0,2.6239999999999997,8.152000000000001,0.0,0.4089886399999999,0.45665068706659423,0.9535543260960528,1.4580194174757284,3.60295145631068,0.7998038825000001,0.8371587040384616,0.34326086580519266,0.7480816816702482,60001.0,288.0,134.0,2.0,1.0,181.0,-12.0,54.0,-2.6239999999999997,0.0,-0.45665068706659423,162.0
47.0,172.0,13.0,0.0,185.0,172.0,0.9297297297297298,1.0,66.0,142.0,16.0,25.0,66.0,224.0,0.03999999999999959,1.8479999999999999,0.0036650000000000293,1.0745200000000001,0.2878391489810747,0.5043478260869565,2.680418604651163,2.7142325581395355,1.1394890406976745,1.1654655232558142,0.6365670167143997,0.9302672457602371,60001.0,186.0,178.0,2.0,1.0,66.0,16.0,66.0,0.015999999999999792,0.0,-0.2878391489810747,6.0
48.0,135.0,37.0,6.0,172.0,141.0,0.7848837209302325,0.9574468085106383,65.0,318.0,22.0,62.0,64.0,802.0,0.1120000000000001,4.032,0.0,0.56243,0.29568351216315836,0.7932067932067932,2.981570370370371,3.3031703703703705,0.8982326997037038,0.9231912542222223,0.5684786140673861,0.8849953825696752,60001.0,173.0,144.0,2.0,0.0,65.0,-21.0,63.0,-0.03200000000000003,0.0,-0.29568351216315836,31.0
49.0,122.0,107.0,13.0,229.0,135.0,0.5327510917030568,0.9037037037037037,131.5,289.0,13.0,61.0,71.0,556.0,2.6519999999999997,3.8959999999999995,0.012709999999999999,0.26002,0.6461434493944564,0.9582179713063177,1.4382950819672131,3.4789508196721313,0.5899319999999999,0.6090894508196721,0.26378127738603196,0.877396890557127,60001.0,230.0,137.0,2.0,0.0,131.5,-11.0,70.0,-2.6519999999999997,-0.00195500000000004,-0.6461434493944564,102.0
50.0,116.0,9.0,1.0,125.0,117.0,0.928,0.9914529914529915,73.0,197.0,28.5,62.0,73.0,197.0,0.05600000000000005,3.7199999999999998,0.0,0.03323600000000004,0.43715133558858965,0.6375974780155965,3.835478260869566,4.044382608695653,0.9984157474137931,0.9986601327586206,0.4567880255238652,0.886595176017241,60001.0,126.0,118.0,2.0,1.0,73.0,-28.5,73.0,-0.016000000000000014,0.0,-0.43715133558858965,8.0
51.0,146.0,12.0,0.0,158.0,146.0,0.9240506329113924,1.0,85.5,251.0,9.0,34.0,90.0,212.0,0.06400000000000006,3.528,0.0024400000000000532,0.36919499999999994,0.3627653281387616,0.7786587163778134,3.1720827586206894,3.2579862068965517,0.8568170890410959,0.8757240410958903,0.5418032840477038,0.9195664988732155,60001.0,158.0,146.0,2.0,0.0,85.5,7.0,85.0,-0.008000000000000007,0.0,-0.3627653281387616,4.0
52.0,139.0,48.0,7.0,187.0,146.0,0.7433155080213903,0.952054794520548,143.0,287.0,13.0,62.0,105.0,599.0,0.18800000000000017,3.312,0.014169999999999905,0.36258000000000007,0.39263406940063095,0.9199906293924722,2.435014492753623,3.238782608695652,0.6626101715107915,0.6819275097841727,0.4252825977490117,0.8135211779578368,60001.0,188.0,147.0,2.0,1.0,143.0,3.0,101.0,-0.06800000000000006,0.0,-0.39263406940063095,44.0
53.0,153.0,64.0,0.0,217.0,153.0,0.7050691244239631,1.0,66.0,210.0,14.0,44.0,52.0,203.0,0.2320000000000001,3.648,0.010504999999999987,0.18983000000000005,0.4129004576659039,0.8675594651098576,2.151842105263158,3.097473684210526,0.7456824671895425,0.7617725623529411,0.4510515259548151,0.8820631988654783,60001.0,217.0,155.0,2.0,0.0,66.0,4.0,52.0,-0.19200000000000017,0.0,-0.4129004576659039,55.0
