subject,matched_objects,featuregraph_only_objects,llm_only_objects,featuregraph_complete_objects,llm_complete_objects,featuregraph_matched_fraction,llm_matched_fraction,median_absolute_start_index_error,maximum_absolute_start_index_error,median_absolute_peak_index_error,maximum_absolute_peak_index_error,median_absolute_end_index_error,maximum_absolute_end_index_error,median_absolute_period_seconds_error,maximum_absolute_period_seconds_error,median_absolute_full_excursion_error,maximum_absolute_full_excursion_error,median_absolute_temporal_symmetry_error,maximum_absolute_temporal_symmetry_error,featuregraph_mean_period_seconds,llm_mean_period_seconds,featuregraph_mean_full_excursion,llm_mean_full_excursion,featuregraph_mean_temporal_symmetry,llm_mean_temporal_symmetry,featuregraph_construction,featuregraph_scaling,samples,featuregraph_detected_peaks,llm_detected_peaks,featuregraph_partial_objects,featuregraph_ambiguous_objects,featuregraph_invalidated_complete_objects,llm_partial_objects,median_signed_start_index_difference,median_signed_peak_index_difference,median_signed_end_index_difference,median_signed_period_seconds_difference,median_signed_full_excursion_difference,median_signed_temporal_symmetry_difference,featuregraph_only_excluded_by_both_annotators
1.0,169.0,0.0,0.0,169.0,169.0,1.0,1.0,33.0,56.0,7.0,28.0,33.0,56.0,0.05599999999999983,0.30400000000000027,0.0048880000000000035,0.14467700000000006,0.0971240359897172,0.20462947975007284,2.821619047619048,2.821285714285714,0.9030349869822485,0.9027111467455623,0.9244074330192495,0.8437828070786153,envelope_plateau,absolute,60001,170,170,2,1,0,1,-32.0,7.0,-32.0,-0.008000000000000007,0.0,0.09287833827893177,0
2.0,121.0,11.0,0.0,132.0,121.0,0.9166666666666666,1.0,43.0,125.0,5.0,24.0,43.0,125.0,0.040000000000000036,1.9680000000000004,0.0073801000000000005,0.13161,0.14831725915917315,0.2791716265299271,3.8467438016528925,3.8737190082644624,1.1256696669421487,1.136485550413223,0.8435059607028179,0.7172748489688154,envelope_plateau,absolute,60001,133,124,3,2,1,0,42.0,5.0,42.0,0.0,0.0,0.14802945491318775,9
3.0,139.0,2.0,0.0,141.0,139.0,0.9858156028368794,1.0,15.0,146.0,8.0,44.0,15.0,71.0,0.11199999999999966,1.9920000000000002,0.0,0.07233,0.05564955628848067,0.231717555565375,3.3750791366906476,3.362187050359712,0.5235267050359712,0.5252780935251798,0.920786948607699,0.8722383289992784,envelope_plateau,absolute,60001,141,142,2,1,0,0,12.0,-1.0,12.0,-0.016000000000000014,0.0,0.04380729885667767,0
4.0,131.0,27.0,0.0,158.0,131.0,0.8291139240506329,1.0,59.0,265.0,5.0,28.0,59.0,220.0,0.03200000000000003,3.016,0.003009999999999957,0.054219999999999935,0.1561694915254238,0.5103969754253308,3.3683053435114507,3.6139236641221375,0.5142104351145038,0.5131068473282443,0.9111160962823653,0.7749112807087429,envelope_plateau,absolute,60001,163,133,6,5,4,1,-32.0,5.0,-32.0,-0.008000000000000007,0.0,0.15351227338609041,26
5.0,74.0,89.0,5.0,163.0,79.0,0.4539877300613497,0.9367088607594937,78.0,1093.0,38.0,63.0,73.0,297.0,0.8080000000000007,10.28,0.0,0.21701,0.179708835817304,0.7844357193194402,3.1605405405405405,5.862356164383562,0.6569570135135134,0.701236081081081,0.7981685756359109,0.5813572843561131,envelope_plateau,absolute,60001,165,79,4,3,2,0,73.5,-35.0,68.0,-0.7280000000000002,0.0,0.15891097074174676,86
6.0,159.0,1.0,0.0,160.0,159.0,0.99375,1.0,37.0,94.0,5.0,41.0,37.0,262.0,0.016000000000000014,0.9359999999999999,0.0009780000000000344,0.12805,0.15596539950550936,0.2617152961980548,2.9927594936708863,2.9995443037974683,0.9043265433962265,0.9070562911949686,0.9223130647739255,0.7961132632122365,envelope_plateau,absolute,60001,160,159,2,1,0,0,-36.0,-4.0,-36.0,0.0,0.0,0.15466666666666673,0
7.0,157.0,3.0,0.0,160.0,157.0,0.98125,1.0,42.0,55.0,3.0,17.0,42.0,55.0,0.016000000000000014,0.16800000000000015,0.0,0.052786,0.23187779996761493,0.27093107685433415,2.9865477707006374,2.986496815286624,0.9913455694267514,0.9946890481528662,0.9717822526915216,0.79059290855984,envelope_plateau,absolute,60001,161,161,2,1,0,1,42.0,-3.0,42.0,0.0,0.0,0.23187779996761493,1
8.0,168.0,12.0,0.0,180.0,168.0,0.9333333333333333,1.0,38.0,146.0,3.0,18.0,38.0,86.0,0.040000000000000036,2.008,0.003910000000000025,0.03323999999999999,0.2051357399453667,0.3797208160760853,2.7247619047619045,2.827714285714286,0.4254639880952381,0.427494880952381,0.9152938135502181,0.7302678553840687,envelope_plateau,absolute,60001,180,169,2,1,0,0,37.5,-3.0,37.0,-0.016000000000000014,0.0,0.2051357399453667,11
9.0,158.0,6.0,0.0,164.0,158.0,0.9634146341463414,1.0,49.5,66.0,6.0,14.0,49.5,71.0,0.03200000000000003,1.496,0.0019500000000000073,0.011730000000000018,0.21112771237303785,0.31138676626803274,2.990126582278481,2.9996455696202533,0.2611581012658228,0.2615044936708861,0.9297239190217035,0.7375595269035735,envelope_plateau,absolute,60001,164,159,2,1,0,0,47.0,6.0,47.0,0.0,0.0,0.21112771237303785,5
10.0,148.0,5.0,0.0,153.0,148.0,0.9673202614379085,1.0,25.0,252.0,4.0,36.0,25.0,240.0,0.040000000000000036,3.256,0.003889999999999949,0.4970835,0.09913252355450558,0.5833534870104248,3.1435102040816325,3.226666666666667,0.8066252466216217,0.8213724864864865,0.8995438037392762,0.8114067230378463,envelope_plateau,absolute,60001,153,148,2,1,0,0,-23.0,-2.0,-23.5,0.0,0.0,0.09791918013132023,2
11.0,116.0,13.0,0.0,129.0,116.0,0.8992248062015504,1.0,37.0,291.0,15.5,43.0,37.5,163.0,0.14400000000000013,4.192,0.0024399999999999977,0.32519,0.09610029826368105,0.40829315940385036,3.817182608695652,4.039373913043479,0.6896547413793105,0.6960409913793104,0.8277461286359377,0.7756968392156874,envelope_plateau,absolute,60001,133,119,5,4,3,1,-30.5,0.5,-31.0,-0.02400000000000002,0.0,0.05854996325933709,10
12.0,150.0,0.0,0.0,150.0,150.0,1.0,1.0,14.0,38.0,4.0,15.0,14.0,38.0,0.016000000000000014,0.13600000000000012,0.0,0.027371000000000034,0.05356693970724946,0.12740730771818853,3.1692885906040273,3.1696000000000004,0.8542198866666665,0.85309918,0.9437079608712959,0.8913669501198175,envelope_plateau,absolute,60001,150,151,2,1,0,0,-14.0,-3.0,-14.0,0.0,0.0,0.051399738609756274,0
13.0,105.0,136.0,0.0,241.0,105.0,0.43568464730290457,1.0,21.0,2389.0,12.0,55.0,34.0,1328.0,0.3599999999999999,30.48,0.005869999999999986,0.206254,0.13447186961618207,0.7988383446411136,2.5695238095238095,4.477153846153846,0.1682722095238095,0.18245081904761906,0.8217208804700803,0.6876415608076583,envelope_plateau,absolute,60001,246,106,6,5,4,1,-1.0,4.0,-22.0,-0.2959999999999998,-0.0048799999999999955,0.08324904984766146,62
14.0,99.0,63.0,2.0,162.0,101.0,0.6111111111111112,0.9801980198019802,36.0,170.0,20.0,52.0,35.0,135.0,0.30400000000000027,3.64,0.002449999999999841,0.415645,0.10509852987175483,0.43962787661171865,3.2551919191919185,3.745858585858586,0.8213666666666666,0.8602895454545455,0.7656117036525588,0.7162603896320434,envelope_plateau,absolute,60001,165,144,5,4,3,0,35.0,8.0,34.0,-0.07200000000000006,0.0,0.03872181956513032,39
15.0,114.0,24.0,3.0,138.0,117.0,0.8260869565217391,0.9743589743589743,15.0,270.0,13.5,63.0,14.5,458.0,0.16800000000000015,7.6,0.0,0.78973,0.061353656949007185,0.47260211937324514,3.6974736842105265,3.9715789473684207,1.1858823684210527,1.2239940789473687,0.8246269125006201,0.8098222496454892,envelope_plateau,absolute,60001,139,121,3,2,1,0,12.0,0.0,8.0,-0.03600000000000003,0.0,0.007438015042537105,15
16.0,152.0,4.0,0.0,156.0,152.0,0.9743589743589743,1.0,39.0,162.0,4.0,62.0,38.5,72.0,0.016000000000000014,1.9999999999999998,0.0,0.0,0.1078064184475288,0.291549412840333,3.0503311258278147,3.0655364238410594,1.0,1.0,0.9059017885636191,0.842119834616593,envelope_plateau,absolute,60001,157,157,2,1,0,1,32.5,-4.0,31.5,0.0,0.0,0.06646077207432516,1
17.0,137.0,3.0,0.0,140.0,137.0,0.9785714285714285,1.0,31.0,99.0,5.0,26.0,31.0,143.0,0.040000000000000036,2.7119999999999997,0.0,0.0,0.12143574297188753,0.29703413057903694,3.4388823529411767,3.466647058823529,0.983903094890511,0.983903094890511,0.8653744348281478,0.7568408399146592,envelope_plateau,absolute,60001,140,138,2,1,0,1,-30.0,-5.0,-30.0,0.0,0.0,0.11720137030831934,2
18.0,142.0,1.0,0.0,143.0,142.0,0.993006993006993,1.0,40.0,86.0,8.0,12.0,40.0,86.0,0.008000000000000007,2.0,0.0,0.09290999999999994,0.22019083889683616,0.29521772345301756,3.321475177304965,3.3348732394366194,0.5995200704225351,0.5992792253521125,0.9817799078205306,0.8009721788942503,envelope_plateau,absolute,60001,144,144,3,2,1,1,-40.0,8.0,-39.5,0.0,0.0,0.22019083889683616,0
19.0,120.0,92.0,1.0,212.0,121.0,0.5660377358490566,0.9917355371900827,31.0,402.0,9.0,35.0,27.0,552.0,0.21599999999999986,5.696000000000001,0.0018449999999999578,0.26814,0.11608299258156585,0.6352491961414791,2.9465999999999997,3.929066666666666,0.24674895,0.26182664166666664,0.7711050702938674,0.6605685478751189,envelope_plateau,absolute,60001,219,122,9,8,7,0,27.5,5.0,19.0,-0.15600000000000003,0.0,0.08215930763971357,82
20.0,112.0,21.0,2.0,133.0,114.0,0.8421052631578947,0.9824561403508771,13.5,167.0,7.0,46.0,13.5,121.0,0.08800000000000008,2.6959999999999997,0.0,0.13000999999999996,0.054121938930753455,0.25964868876793656,3.703351351351351,3.831071428571429,0.967270967857143,0.9710762517857143,0.8574605202605818,0.8488719831518267,envelope_plateau,absolute,60001,134,128,2,1,0,1,0.5,-3.0,0.0,-0.02400000000000002,0.0,0.01337310293368349,13
21.0,140.0,18.0,4.0,158.0,144.0,0.8860759493670886,0.9722222222222222,37.0,166.0,5.0,55.0,37.0,212.0,0.07199999999999962,3.496,0.0,0.41447,0.08622741081712437,0.6136382196815027,3.1333142857142855,3.249142857142857,0.9336894271428571,0.9479403185714286,0.8761007019729253,0.7970985488897593,envelope_plateau,absolute,60001,159,150,2,1,0,0,30.0,-3.0,30.0,0.0,0.0,0.07330013057156626,13
22.0,149.0,0.0,0.0,149.0,149.0,1.0,1.0,44.0,79.0,3.0,10.0,44.0,79.0,0.03200000000000003,0.1120000000000001,0.0,0.261,0.20513722730471506,0.2672236743838685,3.185837837837838,3.1871140939597313,0.9846746228187919,0.9903166809395971,0.9392533459168806,0.795785934169239,envelope_plateau,absolute,60001,150,151,2,1,0,1,44.0,-2.0,44.0,0.0,0.0,0.20513722730471506,0
23.0,140.0,48.0,0.0,188.0,140.0,0.7446808510638298,1.0,43.0,154.0,5.5,51.0,44.0,120.0,0.11999999999999966,1.92,0.003906500000000035,0.17986000000000002,0.11974995022964602,0.4371859296482412,2.872514285714286,3.2576,0.7591396634285714,0.764097167142857,0.9201269047262033,0.8304107644318324,envelope_plateau,absolute,60001,192,149,6,5,4,0,-16.0,-2.0,-17.0,-0.039999999999999813,0.0,0.08833227703372493,43
24.0,178.0,0.0,0.0,178.0,178.0,1.0,1.0,22.0,52.0,2.0,9.0,22.0,52.0,0.02400000000000002,0.09600000000000009,0.0,0.04594100000000001,0.10850865607835075,0.18375315825740746,2.6673446327683616,2.6664719101123597,0.8943958453932584,0.892792086966292,0.9618182950000755,0.8546952161180198,envelope_plateau,absolute,60001,179,180,2,1,0,1,-22.0,-2.0,-22.0,0.0,0.0,0.10850865607835075,0
25.0,127.0,32.0,0.0,159.0,127.0,0.7987421383647799,1.0,38.0,232.0,16.0,28.0,38.0,103.0,0.03200000000000003,4.624,0.002449999999999841,0.6528100000000001,0.10277358806770565,0.5747617482747288,3.669543307086614,3.7412913385826774,1.709888661417323,1.7154526771653544,0.7388912101723402,0.6581715698030375,envelope_plateau,absolute,60001,159,128,2,1,0,0,-37.0,-16.0,-37.0,0.0,0.0,0.10037105751391473,32
26.0,131.0,24.0,5.0,155.0,136.0,0.8451612903225807,0.9632352941176471,31.0,251.0,10.0,48.0,34.0,331.0,0.11599999999999988,3.976,0.0,0.50049,0.1169939065673663,0.786535439583161,3.206953846153846,3.42043076923077,0.8455073937404581,0.860021020610687,0.7633218223340931,0.6779154325476554,envelope_plateau,absolute,60001,156,143,2,1,0,1,-18.0,-8.0,-21.0,-0.01200000000000001,0.0,0.10442562101456176,16
27.0,77.0,54.0,9.0,131.0,86.0,0.5877862595419847,0.8953488372093024,34.0,466.0,16.0,62.0,32.0,371.0,0.3440000000000003,6.231999999999999,0.0,0.7572800000000002,0.13164612676056342,0.66504542452746,4.156987012987013,5.4104935064935065,0.3815908441558442,0.3988142467532468,0.7881335143948752,0.7058862054934666,envelope_plateau,absolute,60001,140,90,10,9,8,1,34.0,-2.0,31.0,-0.19200000000000017,0.0,0.07696944387538018,34
28.0,142.0,5.0,0.0,147.0,142.0,0.9659863945578231,1.0,17.0,131.0,2.0,41.0,16.0,65.0,0.02400000000000002,2.0000000000000004,0.0,0.0,0.06923014796149124,0.2917171717171717,3.2678873239436617,3.295323943661972,0.9952087323943661,0.9952087323943661,0.929440791567072,0.8650293820799478,envelope_plateau,absolute,60001,148,146,2,1,0,1,12.5,0.0,11.5,0.0,0.0,0.06611740830851087,3
29.0,135.0,22.0,13.0,157.0,148.0,0.8598726114649682,0.9121621621621622,21.0,210.0,22.0,62.0,21.0,288.0,0.22399999999999975,3.232,0.0,0.13099099999999997,0.08948294773359189,0.6012889366272824,3.1002666666666663,3.1990518518518525,0.3612463185185185,0.36945745925925927,0.7972568572968886,0.8193028242375995,envelope_plateau,absolute,60001,159,150,3,2,1,1,21.0,-16.0,20.0,-0.02400000000000002,0.0,-0.016476388168137013,4
30.0,146.0,5.0,0.0,151.0,146.0,0.9668874172185431,1.0,39.0,107.0,4.0,59.0,39.0,107.0,0.05600000000000005,1.0959999999999999,0.003091500000000025,0.1051000000000002,0.10735561985073705,0.2581327691087013,3.1837260273972605,3.1913972602739724,1.293744793150685,1.2978945287671235,0.9313874335849717,0.8416085604955309,envelope_plateau,absolute,60001,152,151,3,2,1,0,14.5,2.5,14.5,0.0,0.0,0.09323620117577408,2
31.0,138.0,22.0,0.0,160.0,138.0,0.8625,1.0,29.0,197.0,9.0,34.0,29.0,132.0,0.12399999999999989,2.544,0.0,0.07917599999999991,0.08802553220365789,0.35582994924879363,3.1475362318840583,3.2644637681159425,0.8887546027536232,0.890178325942029,0.9169516844963359,0.8389885955728305,envelope_plateau,absolute,60001,160,151,2,1,0,0,20.5,2.0,23.0,-0.008000000000000007,0.0,0.0650681141693426,15
32.0,196.0,0.0,0.0,196.0,196.0,1.0,1.0,14.0,45.0,6.0,32.0,14.0,45.0,0.10400000000000009,0.2879999999999998,0.0,0.08738000000000001,0.05054743123625893,0.1985042464190645,2.4346666666666668,2.4337142857142857,1.6748232142857145,1.6771910714285716,0.9196822525664401,0.9025616805539747,envelope_plateau,absolute,60001,196,197,2,1,0,0,-14.0,-4.0,-14.0,-0.031999999999999584,0.0,0.0231346121493039,0
33.0,107.0,61.0,6.0,168.0,113.0,0.6369047619047619,0.9469026548672567,50.0,338.0,8.0,56.0,30.0,300.0,2.048,6.152,0.0,0.11729999999999996,0.10826210826210825,0.44381083642001895,2.5991028037383175,4.21188785046729,0.9672668231775701,0.96834487271028,0.7681095291514694,0.7180208205933426,envelope_plateau,absolute,60001,169,114,3,2,1,0,4.0,-7.0,-1.0,-2.048,0.0,0.08017668317494309,53
34.0,136.0,8.0,0.0,144.0,136.0,0.9444444444444444,1.0,47.5,299.0,7.0,18.0,47.0,71.0,0.02400000000000002,3.3199999999999994,0.0037199999999999456,1.0334699999999999,0.17421429226807206,0.36691248627588147,3.3116470588235294,3.4072941176470586,1.0574850735294117,1.073995588235294,0.8383131922200396,0.6817245011479245,envelope_plateau,absolute,60001,147,142,4,3,2,1,47.0,7.0,47.0,0.0,0.0,0.17421429226807206,4
35.0,119.0,21.0,2.0,140.0,121.0,0.85,0.9834710743801653,49.0,250.0,1.0,39.0,49.0,122.0,0.016000000000000014,2.144,0.0,0.0,0.08227530439631936,0.3894957833683237,3.4014237288135587,3.266237288135594,0.9981846218487395,0.9981846218487395,0.951954950694395,0.8720612430824989,envelope_plateau,absolute,60001,141,159,2,1,0,0,-26.0,-1.0,-6.0,0.0,0.0,0.02899683735474934,1
36.0,146.0,3.0,1.0,149.0,147.0,0.9798657718120806,0.9931972789115646,16.5,74.0,21.0,45.0,16.5,230.0,0.07200000000000006,1.3199999999999998,0.0,0.10873599999999994,0.05454929087133792,0.22528094355435646,3.2263172413793106,3.249103448275862,0.8303764109589041,0.830269595890411,0.8738251318778756,0.8995370566951596,envelope_plateau,absolute,60001,149,147,2,1,0,0,9.0,21.0,9.0,0.0,0.0,-0.028021310391728838,1
37.0,147.0,26.0,2.0,173.0,149.0,0.8497109826589595,0.9865771812080537,28.0,139.0,8.0,54.0,28.0,197.0,0.08399999999999985,1.9600000000000002,0.0,0.1635899999999999,0.1172344577641482,0.5822916666666667,3.1057534246575345,3.1489523809523807,1.0560739068027212,1.0707000217687075,0.8391207851996743,0.7751725521779701,envelope_plateau,absolute,60001,175,153,3,2,1,1,-25.0,0.0,-26.0,-0.008000000000000007,0.0,0.09143463484706671,22
38.0,125.0,12.0,5.0,137.0,130.0,0.9124087591240876,0.9615384615384616,31.0,84.0,7.0,61.0,31.0,84.0,0.08799999999999986,2.4160000000000004,0.0,0.1261,0.11021049016240614,0.6243127147766323,3.5363870967741935,3.5866451612903223,0.9559176304,0.958615616,0.8605014776294256,0.7761158678909109,envelope_plateau,absolute,60001,138,135,2,1,0,1,-21.0,0.0,-22.0,0.0040000000000000036,0.0,0.10204334058974862,6
39.0,52.0,60.0,2.0,112.0,54.0,0.4642857142857143,0.9629629629629629,70.0,125.0,7.5,30.0,63.5,125.0,0.14400000000000013,2.5679999999999996,0.0,0.0,0.21963864958756535,0.4436080881961334,4.260923076923076,3.225999999999999,1.0,1.0,0.9378770413571024,0.7428569738002354,envelope_plateau,absolute,60001,113,180,2,1,0,1,-66.5,-1.0,-54.0,0.14400000000000013,0.0,0.21963864958756535,0
40.0,122.0,25.0,3.0,147.0,125.0,0.8299319727891157,0.976,40.0,200.0,4.0,35.0,41.5,167.0,0.05600000000000005,2.784,0.0,0.28756200000000004,0.12635205986025566,0.5290499963823169,3.430479338842975,3.5453770491803276,0.927339065737705,0.9329482659016394,0.8677121345049119,0.7912419193285785,envelope_plateau,absolute,60001,147,144,2,1,0,0,-33.5,-1.0,-31.5,-0.007999999999999563,0.0,0.09364672320581074,12
41.0,111.0,12.0,0.0,123.0,111.0,0.9024390243902439,1.0,29.0,264.0,8.0,41.0,31.0,100.0,0.08000000000000007,3.64,0.0,0.08801999999999999,0.06799450549450547,0.27404548776032156,4.1929369369369365,4.249441441441441,1.4306504054054052,1.4319937387387387,0.9171062139660571,0.8558457728184357,envelope_plateau,absolute,60001,126,113,4,3,2,1,-17.0,8.0,-17.0,-0.008000000000000007,0.0,0.05770857672320018,11
42.0,137.0,1.0,0.0,138.0,137.0,0.9927536231884058,1.0,49.0,66.0,3.0,13.0,49.0,66.0,0.02400000000000002,0.1120000000000001,0.0,0.0,0.14903846153846145,0.26164079822616415,3.4721167883211677,3.4724087591240878,1.0004886400000002,1.0004886400000002,0.950009180496059,0.8221669081707408,envelope_plateau,absolute,60001,138,138,2,1,0,0,45.0,2.0,45.0,0.0,0.0,0.14903846153846145,0
43.0,139.0,3.0,0.0,142.0,139.0,0.9788732394366197,1.0,15.0,91.0,8.0,37.0,15.0,134.0,0.06400000000000006,1.8319999999999999,0.0009770000000000056,0.11926000000000003,0.04656664066602434,0.21136115792604337,3.4002302158273388,3.42146762589928,0.9218406050359713,0.9232049575539566,0.8844049982730237,0.8518523068273433,envelope_plateau,absolute,60001,142,140,2,1,0,0,14.0,7.0,14.0,-0.008000000000000007,0.0,0.027527697374987503,2
44.0,130.0,6.0,2.0,136.0,132.0,0.9558823529411765,0.9848484848484849,37.0,321.0,18.0,57.0,37.0,126.0,0.2160000000000002,2.6639999999999997,0.0,0.17688800000000005,0.1481919199578451,0.3721167256732111,3.548676923076923,3.595446153846154,0.7676105233846153,0.7849008058461538,0.7981199074375743,0.6728850366794122,envelope_plateau,absolute,60001,136,133,2,1,0,0,37.0,2.0,37.0,-0.02400000000000002,0.0,0.1358285867862401,1
45.0,127.0,2.0,0.0,129.0,127.0,0.9844961240310077,1.0,21.0,254.0,16.0,56.0,20.0,49.0,0.16399999999999992,2.9040000000000004,0.0,0.026339999999999975,0.051086364761197656,0.8681818181818182,3.687619047619048,3.7391111111111117,0.32887163897637806,0.330080512992126,0.8785252179218,0.9231429052831488,envelope_plateau,absolute,60001,130,128,2,1,0,1,-12.0,2.0,-14.0,-0.03600000000000003,0.0,-0.03948872797631264,1
46.0,112.0,43.0,11.0,155.0,123.0,0.7225806451612903,0.9105691056910569,16.0,402.0,13.5,56.0,16.0,408.0,0.2320000000000002,4.816000000000001,0.0,0.3752786399999999,0.08058287593956259,0.6368207977052812,3.311927927927928,3.709261261261261,0.8271812667857142,0.8337821578571428,0.7995797791161061,0.7656385079548134,envelope_plateau,absolute,60001,156,134,2,1,0,1,2.0,0.0,2.0,-0.05599999999999983,0.0,0.02121855027286179,30
47.0,172.0,5.0,0.0,177.0,172.0,0.9717514124293786,1.0,11.0,50.0,5.0,45.0,11.0,50.0,0.03999999999999959,0.3760000000000001,0.0,0.26634,0.02772730762316955,0.26479919846372213,2.713860465116279,2.7142325581395355,1.1642157441860466,1.1654655232558142,0.9501852892517904,0.9302672457602371,envelope_plateau,absolute,60001,178,178,2,1,0,1,-11.0,3.0,-11.0,0.023999999999999577,0.0,0.022676240329642827,1
48.0,137.0,9.0,4.0,146.0,141.0,0.9383561643835616,0.9716312056737588,12.0,358.0,5.0,47.0,12.0,275.0,0.040000000000000036,3.192,0.0,0.56243,0.07418146847542584,0.5590193516271545,3.314452554744526,3.362802919708029,0.9000625208759124,0.9065575232116788,0.9066402234347559,0.8828239910708093,envelope_plateau,absolute,60001,146,144,2,1,0,0,7.0,1.0,6.0,0.0,0.0,0.030229419703103888,6
49.0,135.0,3.0,0.0,138.0,135.0,0.9782608695652174,1.0,16.0,110.0,8.0,61.0,16.0,98.0,0.09200000000000008,2.8,0.0,0.13587,0.05312334789504436,0.26424531787307814,3.4516417910447754,3.4934328358208955,0.5943450814814815,0.6011080148148148,0.904262278431513,0.8749562145087745,envelope_plateau,absolute,60001,139,137,3,2,1,0,-15.0,-3.0,-15.0,-0.008000000000000007,0.0,0.019918808539776456,1
50.0,117.0,0.0,0.0,117.0,117.0,1.0,1.0,20.0,84.0,4.0,42.0,20.0,84.0,0.04400000000000004,0.3199999999999994,0.0,0.017594999999999916,0.05567451820128477,0.2990443466122624,4.04648275862069,4.046206896551724,0.998496135897436,0.9986715846153846,0.9503583638751152,0.8872225676752132,envelope_plateau,absolute,60001,118,118,2,1,0,1,-10.0,2.0,-11.0,0.0,0.0,0.049089852149125535,0
51.0,146.0,0.0,0.0,146.0,146.0,1.0,1.0,16.0,71.0,9.0,32.0,16.0,71.0,0.07200000000000006,0.2959999999999998,0.0,0.05133999999999994,0.05742056825388048,0.17847815345521278,3.2581517241379307,3.2579862068965517,0.8752717123287671,0.8757240410958903,0.9352551145586767,0.9195664988732155,envelope_plateau,absolute,60001,146,146,2,1,0,0,-8.0,6.0,-8.0,0.008000000000000007,0.0,0.012073803198147215,0
52.0,146.0,2.0,0.0,148.0,146.0,0.9864864864864865,1.0,41.0,68.0,13.0,37.0,41.0,82.0,0.03200000000000003,1.5919999999999999,0.0,0.10261100000000001,0.07970280680281422,0.28075101630275334,3.2324413793103446,3.2527448275862065,0.6653774565753425,0.670220512739726,0.8687667830417706,0.8146265578869984,envelope_plateau,absolute,60001,149,147,2,1,0,1,13.5,13.0,14.5,0.0,0.0,0.04709738490127474,2
53.0,153.0,2.0,0.0,155.0,153.0,0.9870967741935484,1.0,17.0,58.0,10.0,30.0,17.0,49.0,0.08000000000000007,0.3599999999999999,0.0014660000000000784,0.10603400000000007,0.06551314092228311,0.2554294303633442,3.0973157894736842,3.097473684210526,0.7541156039215686,0.7617725623529411,0.9087480283130803,0.8820631988654783,envelope_plateau,absolute,60001,155,155,2,1,0,0,-16.0,5.0,-16.0,-0.0039999999999997815,0.0,0.022729236885316695,0
