fault_number,regime,property,runs_evaluated,dominant_direction,direction_consistency,median_baseline,median_regime,median_difference,median_ratio,median_cliffs_delta,behavioral_strength,repeatable
1,early_response,amplitude,5,increase,0.8,0.5106816991319647,11.211410266797202,10.583576902351524,21.9538124938761,0.7230769230769231,0.5784615384615385,True
1,early_response,duration,5,increase,1.0,40.0,132.0,84.0,3.3,0.6923076923076923,0.6923076923076923,True
1,early_response,fall_duration,5,increase,0.8,20.0,76.0,52.0,3.8,0.5897435897435898,0.47179487179487184,True
1,early_response,falling_mean_rate,5,increase,1.0,0.052596779351808,0.20946514847816372,0.17160700297114762,3.982471000307805,0.5272727272727272,0.5272727272727272,True
1,early_response,peak_fall_rate,5,increase,1.0,0.0430195396103499,0.2277427872626503,0.17431452720456939,5.293938273757318,0.6923076923076923,0.6923076923076923,True
1,early_response,peak_rise_rate,5,increase,1.0,0.0494245713689906,0.0955093098384622,0.0700412469516096,1.932425657784977,0.6,0.6,True
1,early_response,period,5,increase,1.0,40.5,141.0,84.5,3.4814814814814814,0.6805555555555556,0.6805555555555556,True
1,early_response,rise_duration,5,increase,1.0,20.5,49.0,25.5,2.3902439024390243,0.5454545454545454,0.5454545454545454,True
1,early_response,rising_mean_rate,5,increase,0.8,0.0613022670360624,0.291205461475252,0.2299031944391896,4.750321245117151,0.5384615384615384,0.4307692307692308,True
1,early_response,temporal_symmetry,5,decrease,0.8,0.7549857549857549,0.5871608368747957,-0.13333333333333341,0.7777111462002011,-0.23076923076923078,0.18461538461538463,False
1,post_response,amplitude,5,increase,0.6,0.5106816991319647,0.6983360121358828,0.12287154873820327,1.3674584644855787,0.11819887429643527,0.07091932457786117,False
1,post_response,duration,5,increase,0.6,40.0,43.0,1.0,1.075,0.010121457489878543,0.006072874493927126,False
1,post_response,fall_duration,5,increase,0.6,20.0,22.0,2.0,1.1,-0.024390243902439025,0.014634146341463414,False
1,post_response,falling_mean_rate,5,increase,0.8,0.052596779351808,0.0632551676947986,0.010832501609152008,1.2026433647524126,0.1659919028340081,0.1327935222672065,False
1,post_response,peak_fall_rate,5,increase,1.0,0.0430195396103499,0.0671757598487147,0.013747499790633798,1.5615174048155818,0.15572232645403378,0.15572232645403378,False
1,post_response,peak_rise_rate,5,increase,0.8,0.0494245713689906,0.0549520681786816,0.025694139413258196,1.1118370206678008,0.1417004048582996,0.11336032388663969,False
1,post_response,period,5,increase,0.6,40.5,42.0,4.5,1.037037037037037,0.17105263157894737,0.10263157894736842,False
1,post_response,rise_duration,5,decrease,0.6,20.5,23.5,-0.5,1.146341463414634,-0.004048582995951417,0.0024291497975708503,False
1,post_response,rising_mean_rate,5,decrease,0.8,0.0613022670360624,0.0592591986038973,-0.0034543768369348984,0.9666722206054269,-0.014814814814814815,0.011851851851851853,False
1,post_response,temporal_symmetry,5,increase,0.6,0.7549857549857549,0.7741935483870968,0.037871387871387996,1.0254412659768717,0.011111111111111112,0.006666666666666667,False
2,early_response,amplitude,5,increase,1.0,0.6214452560061545,0.9339871800714263,0.3125419240652718,1.50292752425835,0.325,0.325,False
2,early_response,duration,5,increase,0.8,50.0,60.0,13.0,1.2,0.25390625,0.203125,False
2,early_response,fall_duration,5,increase,0.8,22.0,26.5,4.0,1.2045454545454546,0.19230769230769232,0.15384615384615385,False
2,early_response,falling_mean_rate,5,increase,0.8,0.0538603846820209,0.0567731929247752,0.010807835389388898,1.0540807173946276,0.20279720279720279,0.16223776223776223,False
2,early_response,peak_fall_rate,5,increase,0.8,0.0530425927438045,0.06909089738080629,0.018774206700618412,1.3025550563584822,0.30578512396694213,0.24462809917355371,False
2,early_response,peak_rise_rate,5,increase,0.8,0.0537184709147823,0.0561642510891033,0.006900865233615154,1.0455295940608758,0.0625,0.05,False
2,early_response,period,5,increase,1.0,41.5,50.0,7.5,1.2048192771084338,0.20909090909090908,0.20909090909090908,False
2,early_response,rise_duration,5,increase,0.6,24.0,24.0,3.0,1.0,0.19140625,0.11484375,False
2,early_response,rising_mean_rate,5,increase,1.0,0.0523426826598876,0.0803471125640888,0.026346101141516545,1.5350209137381905,0.27692307692307694,0.27692307692307694,False
2,early_response,temporal_symmetry,5,increase,0.6,0.7018518518518518,0.5607142857142857,0.031993959199841604,0.7989068978514889,0.1,0.06,False
2,post_response,amplitude,5,decrease,0.6,0.6214452560061545,0.5589261586474095,-0.08978545636909985,0.8993972570318794,-0.030303030303030304,0.01818181818181818,False
2,post_response,duration,5,decrease,0.8,50.0,42.0,-4.0,0.84,-0.12121212121212122,0.09696969696969698,False
2,post_response,fall_duration,5,decrease,0.6,22.0,21.0,-2.0,0.9545454545454546,-0.14918414918414918,0.08951048951048951,False
2,post_response,falling_mean_rate,5,increase,1.0,0.0538603846820209,0.0628450220421272,0.010187535006277691,1.1668134643513874,0.18218623481781376,0.18218623481781376,False
2,post_response,peak_fall_rate,5,decrease,0.6,0.0530425927438045,0.0540714926181408,-0.011142155080187899,1.0193976165400866,-0.1282051282051282,0.07692307692307691,False
2,post_response,peak_rise_rate,5,decrease,0.6,0.0537184709147823,0.057453962679574,-0.0030448036651250995,1.069538311518911,0.004878048780487805,0.002926829268292683,False
2,post_response,period,5,increase,0.6,41.5,42.0,4.0,1.0120481927710843,-0.1641025641025641,0.09846153846153846,False
2,post_response,rise_duration,5,decrease,0.8,24.0,21.0,-1.5,0.875,-0.16829268292682928,0.13463414634146342,False
2,post_response,rising_mean_rate,5,increase,0.6,0.0523426826598876,0.0540479683920538,0.0008428907762263529,1.032579257414963,-0.03414634146341464,0.02048780487804878,False
2,post_response,temporal_symmetry,5,decrease,0.6,0.7018518518518518,0.6881720430107527,-0.013679808841099095,0.9805089794876161,-0.07073170731707316,0.0424390243902439,False
4,early_response,amplitude,5,decrease,0.6,0.6456698000129109,0.5879501095887463,-0.04055192582666223,0.9106049401365676,0.07954545454545454,0.04772727272727272,False
4,early_response,duration,5,increase,0.6,49.0,41.0,2.0,0.8367346938775511,-0.17408906882591094,0.10445344129554655,False
4,early_response,fall_duration,5,decrease,0.6,22.0,21.0,-3.0,0.9545454545454546,-0.10526315789473684,0.0631578947368421,False
4,early_response,falling_mean_rate,5,increase,0.8,0.0472504197731495,0.05518853787540805,0.007373651864018706,1.1680010069829996,0.03896103896103896,0.03116883116883117,False
4,early_response,peak_fall_rate,5,decrease,0.6,0.0572611843265349,0.0577909962615194,-0.0036566085330150544,1.0092525493703242,-0.13636363636363635,0.0818181818181818,False
4,early_response,peak_rise_rate,5,decrease,0.6,0.0535604254677309,0.038779992065178646,-0.012850070653985295,0.7240418971007396,-0.22727272727272727,0.13636363636363635,False
4,early_response,period,5,decrease,0.8,48.5,37.0,-13.5,0.7628865979381443,-0.3026315789473684,0.24210526315789474,False
4,early_response,rise_duration,5,decrease,0.8,25.0,18.0,-10.0,0.72,-0.23863636363636365,0.19090909090909092,False
4,early_response,rising_mean_rate,5,increase,0.6,0.0520667962048993,0.0624335774332848,0.011916622272813246,1.199105418116931,0.07692307692307693,0.046153846153846156,False
4,early_response,temporal_symmetry,5,increase,0.6,0.6666666666666667,0.7228915662650602,0.07014260249554383,1.0843373493975903,0.10897435897435898,0.06538461538461539,False
4,post_response,amplitude,5,increase,0.6,0.6456698000129109,0.7581355084867027,0.0004893517113941925,1.1741845576044334,0.039627039627039624,0.023776223776223775,False
4,post_response,duration,5,decrease,0.6,49.0,40.5,-7.0,0.826530612244898,-0.05454545454545454,0.03272727272727272,False
4,post_response,fall_duration,5,increase,0.6,22.0,20.0,1.0,0.9090909090909091,-0.08391608391608392,0.05034965034965035,False
4,post_response,falling_mean_rate,5,increase,0.8,0.0472504197731495,0.06076532744851125,0.016230858445110442,1.2860272509799315,0.15714285714285714,0.12571428571428572,False
4,post_response,peak_fall_rate,5,decrease,0.8,0.0572611843265349,0.0546426968451669,-0.004636228913705104,0.9542711609589501,-0.10955710955710955,0.08764568764568764,False
4,post_response,peak_rise_rate,5,decrease,0.6,0.0535604254677309,0.05281637037642205,-0.0101842011882127,0.9861081183577018,-0.027149321266968326,0.016289592760180997,False
4,post_response,period,5,decrease,0.8,48.5,44.0,-12.5,0.9072164948453608,-0.030303030303030304,0.024242424242424246,False
4,post_response,rise_duration,5,increase,0.6,25.0,23.0,1.0,0.92,-0.004662004662004662,0.002797202797202797,False
4,post_response,rising_mean_rate,5,increase,0.6,0.0520667962048993,0.060284749054907896,0.010302569385296598,1.1578348093028108,0.14805194805194805,0.08883116883116883,False
4,post_response,temporal_symmetry,5,decrease,0.8,0.6666666666666667,0.6458333333333334,-0.014858311513254674,0.96875,-0.01818181818181818,0.014545454545454545,False
6,early_response,amplitude,5,increase,1.0,0.543391893477974,4.453464820881663,4.044223453797258,8.195677694743125,0.6153846153846154,0.6153846153846154,True
6,early_response,duration,5,increase,1.0,37.0,65.5,27.0,1.7702702702702702,0.4666666666666667,0.4666666666666667,True
6,early_response,fall_duration,5,increase,1.0,18.0,25.0,9.0,1.3888888888888888,0.4,0.4,True
6,early_response,falling_mean_rate,5,increase,1.0,0.0536767408897999,0.2835474775566629,0.22372874248489288,5.282501747615323,0.5,0.5,True
6,early_response,peak_fall_rate,5,increase,1.0,0.047508517174765,0.09180812935519495,0.049853412413676794,1.932456216586791,0.4358974358974359,0.4358974358974359,True
6,early_response,peak_rise_rate,5,increase,1.0,0.0454138697996768,0.1189152655048928,0.073501395705216,2.6184790247876895,0.38666666666666666,0.38666666666666666,True
6,early_response,period,5,increase,1.0,40.0,69.0,27.5,1.725,0.5384615384615384,0.5384615384615384,True
6,early_response,rise_duration,5,increase,1.0,19.0,40.5,21.5,2.1315789473684212,0.46153846153846156,0.46153846153846156,True
6,early_response,rising_mean_rate,5,increase,1.0,0.0536844789825931,0.181597822704829,0.13370378697216778,3.3826876249224864,0.7307692307692307,0.7307692307692307,True
6,early_response,temporal_symmetry,5,decrease,0.8,0.76,0.5765344112328475,-0.21591841895583175,0.7585979095169046,-0.2692307692307692,0.2153846153846154,False
7,early_response,amplitude,5,increase,0.6,0.5560662201291962,0.7095095460140328,0.013456119206352923,1.2759443395953556,-0.1076923076923077,0.06461538461538462,False
7,early_response,duration,5,decrease,0.6,35.0,39.0,-3.0,1.1142857142857143,-0.2,0.12,False
7,early_response,fall_duration,5,decrease,0.6,20.0,21.0,-4.0,1.05,-0.15,0.09,False
7,early_response,falling_mean_rate,5,decrease,0.6,0.0450648465015104,0.0597790466794726,-0.0021373051985644556,1.326511711905399,-0.05384615384615385,0.03230769230769231,False
7,early_response,peak_fall_rate,5,decrease,0.6,0.0543696096088751,0.0556244665041049,-0.009279006151359702,1.0230801159739238,-0.0375,0.0225,False
7,early_response,peak_rise_rate,5,decrease,0.6,0.0499534382677211,0.0471024302671594,-0.008437348311485952,0.94292669134641,-0.14666666666666667,0.088,False
7,early_response,period,5,decrease,0.6,41.0,40.0,-1.0,0.975609756097561,-0.0763888888888889,0.04583333333333334,False
7,early_response,rise_duration,5,decrease,0.6,21.0,14.0,-9.5,0.6666666666666666,-0.25,0.15,False
7,early_response,rising_mean_rate,5,increase,0.6,0.0480696070142633,0.06204919988527355,0.015168603726610053,1.2908197869573221,0.16923076923076924,0.10153846153846154,False
7,early_response,temporal_symmetry,5,increase,0.6,0.6708333333333334,0.7017543859649124,0.01754385964912286,1.0460934946060805,0.0625,0.0375,False
7,post_response,amplitude,5,decrease,0.6,0.5560662201291962,0.5497907178894366,-0.006275502239759589,0.9887144695854722,-0.1076923076923077,0.06461538461538462,False
7,post_response,duration,5,increase,0.6,35.0,38.0,2.5,1.0857142857142856,-0.013636363636363636,0.00818181818181818,False
7,post_response,fall_duration,5,decrease,0.6,20.0,19.0,-1.5,0.95,-0.05641025641025641,0.033846153846153845,False
7,post_response,falling_mean_rate,5,decrease,0.6,0.0450648465015104,0.0556086717998158,-0.0018742904983770486,1.233970070173256,-0.09230769230769231,0.055384615384615386,False
7,post_response,peak_fall_rate,5,decrease,0.6,0.0543696096088751,0.0477942867568344,-0.001400728116595952,0.8790625332912567,-0.07179487179487179,0.043076923076923075,False
7,post_response,peak_rise_rate,5,increase,0.6,0.0499534382677211,0.052985755849977,0.0007890926891378006,1.0607028802703122,-0.007692307692307693,0.004615384615384616,False
7,post_response,period,5,decrease,0.6,41.0,37.5,-8.0,0.9146341463414634,-0.06875,0.04125,False
7,post_response,rise_duration,5,decrease,0.6,21.0,20.0,-1.5,0.9523809523809523,0.015384615384615385,0.009230769230769232,False
7,post_response,rising_mean_rate,5,increase,0.6,0.0480696070142633,0.0523188355636619,0.0021282868010318035,1.0883974056234278,0.0,0.0,False
7,post_response,temporal_symmetry,5,increase,0.8,0.6708333333333334,0.7272727272727273,0.06221804511278195,1.0841332580463015,0.05384615384615385,0.04307692307692308,False
12,early_response,amplitude,5,increase,1.0,0.6488415180550646,1.5409656332514032,0.9099957349449141,2.374949183077134,0.7922077922077922,0.7922077922077922,True
12,early_response,duration,5,increase,0.6,39.0,41.0,3.5,1.0512820512820513,-0.004761904761904762,0.002857142857142857,False
12,early_response,fall_duration,5,increase,0.6,17.5,21.0,3.0,1.2,0.07719298245614035,0.04631578947368421,False
12,early_response,falling_mean_rate,5,increase,1.0,0.06376959341134644,0.1772719257825163,0.1345638261400977,2.779881700656641,0.780952380952381,0.780952380952381,True
12,early_response,peak_fall_rate,5,increase,1.0,0.05649761937963825,0.1825956649111731,0.0776900126752253,3.231917856294324,0.6233766233766234,0.6233766233766234,True
12,early_response,peak_rise_rate,5,increase,1.0,0.0521998321563387,0.17873514623090608,0.11318686430206529,3.4240559566474014,0.6857142857142857,0.6857142857142857,True
12,early_response,period,5,decrease,0.8,42.0,39.0,-4.0,0.9285714285714286,-0.038461538461538464,0.03076923076923077,False
12,early_response,rise_duration,5,increase,0.8,19.0,20.0,0.5,1.0526315789473684,-0.051587301587301584,0.04126984126984127,False
12,early_response,rising_mean_rate,5,increase,1.0,0.05637053467083315,0.14143843452477495,0.08236343682361524,2.509084495129989,0.6883116883116883,0.6883116883116883,True
12,early_response,temporal_symmetry,5,increase,1.0,0.647887323943662,0.823076923076923,0.19047619047619058,1.270401337792642,0.23333333333333334,0.23333333333333334,False
12,post_response,amplitude,5,increase,1.0,0.6488415180550646,1.7946620384276457,1.1845852666384642,2.7659482146075303,0.7051282051282052,0.7051282051282052,True
12,post_response,duration,5,decrease,0.6,39.0,43.0,-1.0,1.1025641025641026,0.11355311355311355,0.06813186813186813,False
12,post_response,fall_duration,5,increase,0.6,17.5,22.0,3.5,1.2571428571428571,0.17399267399267399,0.10439560439560439,False
12,post_response,falling_mean_rate,5,increase,1.0,0.06376959341134644,0.1574407203801456,0.0800741259630476,2.4688995484818688,0.5909090909090909,0.5909090909090909,True
12,post_response,peak_fall_rate,5,increase,1.0,0.05649761937963825,0.1741215500329417,0.13861254077198742,3.0819272023290796,0.7261261261261261,0.7261261261261261,True
12,post_response,peak_rise_rate,5,increase,1.0,0.0521998321563387,0.1791014121262378,0.13525284020406608,3.4310725672417566,0.7222222222222222,0.7222222222222222,True
12,post_response,period,5,increase,0.6,42.0,44.0,2.0,1.0476190476190477,0.14807692307692308,0.08884615384615384,False
12,post_response,rise_duration,5,increase,0.8,19.0,21.5,3.0,1.131578947368421,0.21794871794871795,0.17435897435897438,False
12,post_response,rising_mean_rate,5,increase,1.0,0.05637053467083315,0.1518096253919697,0.09973980669107271,2.6930669768956084,0.6239669421487604,0.6239669421487604,True
12,post_response,temporal_symmetry,5,increase,1.0,0.647887323943662,0.8148148148148149,0.1877994539767487,1.2576489533011272,0.29958677685950413,0.29958677685950413,False
14,early_response,amplitude,5,decrease,1.0,0.6330871405509697,0.3610873263952499,-0.30612289914722624,0.5703595970706323,-0.3402777777777778,0.3402777777777778,True
14,early_response,duration,5,decrease,1.0,42.0,29.0,-15.0,0.6904761904761905,-0.4909090909090909,0.4909090909090909,True
14,early_response,fall_duration,5,decrease,1.0,21.5,11.0,-15.5,0.5116279069767442,-0.4579831932773109,0.4579831932773109,True
14,early_response,falling_mean_rate,5,increase,1.0,0.0544588516390592,0.06691983345089715,0.008079673417371952,1.2288146267649287,0.2545454545454545,0.2545454545454545,False
14,early_response,peak_fall_rate,5,decrease,1.0,0.0620885093313972,0.0326517347840763,-0.023838204604726347,0.5258901387017971,-0.2634920634920635,0.2634920634920635,False
14,early_response,peak_rise_rate,5,decrease,1.0,0.06548735962351196,0.0188533451196235,-0.030128442992418104,0.28789288845987576,-0.3904761904761905,0.3904761904761905,True
14,early_response,period,5,decrease,1.0,52.5,26.0,-21.5,0.49523809523809526,-0.5113636363636364,0.5113636363636364,True
14,early_response,rise_duration,5,decrease,1.0,24.0,4.0,-15.5,0.16666666666666666,-0.38412698412698415,0.38412698412698415,True
14,early_response,rising_mean_rate,5,decrease,0.6,0.060364857396258145,0.058172655995349445,-0.007021688290905846,0.9636841451224137,0.03636363636363636,0.021818181818181816,False
14,early_response,temporal_symmetry,5,decrease,0.8,0.7224857685009488,0.6111111111111112,-0.2033114519523519,0.8458451885897716,-0.32272727272727275,0.25818181818181823,False
14,post_response,amplitude,5,decrease,1.0,0.6330871405509697,0.29328624751587995,-0.33980089303508976,0.46326363107081237,-0.4006734006734007,0.4006734006734007,True
14,post_response,duration,5,decrease,1.0,42.0,21.5,-20.0,0.5119047619047619,-0.4730639730639731,0.4730639730639731,True
14,post_response,fall_duration,5,decrease,1.0,21.5,6.0,-15.5,0.27906976744186046,-0.4713804713804714,0.4713804713804714,True
14,post_response,falling_mean_rate,5,increase,0.6,0.0544588516390592,0.06377624194494724,0.013903309655352164,1.1710904660208699,0.2760942760942761,0.16565656565656567,False
14,post_response,peak_fall_rate,5,decrease,1.0,0.0620885093313972,0.021972481083344,-0.03433396986681595,0.3538896539787412,-0.3367003367003367,0.3367003367003367,True
14,post_response,peak_rise_rate,5,decrease,1.0,0.06548735962351196,0.022025355184200603,-0.04346200443931136,0.336329870540281,-0.41414141414141414,0.41414141414141414,True
14,post_response,period,5,decrease,1.0,52.5,22.0,-27.0,0.41904761904761906,-0.5296296296296297,0.5296296296296297,True
14,post_response,rise_duration,5,decrease,1.0,24.0,6.5,-14.0,0.2708333333333333,-0.3552188552188552,0.3552188552188552,True
14,post_response,rising_mean_rate,5,decrease,0.6,0.060364857396258145,0.057108470282969295,-0.0007518131121400512,0.9460549191409056,-0.06734006734006734,0.0404040404040404,False
14,post_response,temporal_symmetry,5,decrease,0.8,0.7224857685009488,0.6157894736842104,-0.16739130434782612,0.8523205584545736,-0.09427609427609428,0.07542087542087543,False
