fault_number,simulation_run,regime,property,baseline_objects,regime_objects,baseline_median,regime_median,median_difference,median_ratio,direction,cliffs_delta
1,1,early_response,rise_duration,13,5,27.0,49.0,22.0,1.8148148148148149,increase,0.6
1,1,early_response,fall_duration,13,5,20.0,82.0,62.0,4.1,increase,0.8461538461538461
1,1,early_response,duration,13,5,43.0,165.0,122.0,3.8372093023255816,increase,0.7538461538461538
1,1,early_response,period,12,5,40.5,152.0,111.5,3.753086419753086,increase,0.8666666666666667
1,1,early_response,amplitude,13,5,0.5106816991319647,11.860252111034017,11.349570411902052,23.224353117007276,increase,0.7230769230769231
1,1,early_response,rising_mean_rate,13,5,0.0620175284738382,0.36589221096327,0.30387468248943184,5.89981929250244,increase,0.5384615384615384
1,1,early_response,falling_mean_rate,13,5,0.0556567563226753,0.1744154722210884,0.11875871589841311,3.133769981310054,increase,0.4153846153846154
1,1,early_response,peak_rise_rate,13,5,0.0494245713689906,0.0955093098384622,0.0460847384694716,1.932425657784977,increase,0.5692307692307692
1,1,early_response,peak_fall_rate,13,5,0.0604508190490378,0.3009773834541647,0.2405265644051269,4.978880157273161,increase,0.6923076923076923
1,1,early_response,temporal_symmetry,13,5,0.8450704225352113,0.5625,-0.28257042253521125,0.665625,decrease,-0.23076923076923078
1,1,post_response,rise_duration,13,38,27.0,23.5,-3.5,0.8703703703703703,decrease,-0.004048582995951417
1,1,post_response,fall_duration,13,38,20.0,22.5,2.5,1.125,increase,0.030364372469635626
1,1,post_response,duration,13,38,43.0,43.0,0.0,1.0,unchanged,0.010121457489878543
1,1,post_response,period,12,38,40.5,45.0,4.5,1.1111111111111112,increase,0.17105263157894737
1,1,post_response,amplitude,13,38,0.5106816991319647,0.6983360121358828,0.1876543130039181,1.3674584644855787,increase,0.15384615384615385
1,1,post_response,rising_mean_rate,13,38,0.0620175284738382,0.059382234159697594,-0.0026352943141406057,0.9575072664294855,decrease,0.048582995951417005
1,1,post_response,falling_mean_rate,13,38,0.0556567563226753,0.0664892579318273,0.010832501609152008,1.1946304873814342,increase,0.1659919028340081
1,1,post_response,peak_rise_rate,13,38,0.0494245713689906,0.0751187107822488,0.025694139413258196,1.5198657004313227,increase,0.1417004048582996
1,1,post_response,peak_fall_rate,13,38,0.0604508190490378,0.07071994693767464,0.01026912788863684,1.1698757444511465,increase,0.1862348178137652
1,1,post_response,temporal_symmetry,13,38,0.8450704225352113,0.7343137254901961,-0.11075669704501512,0.8689379084967321,decrease,-0.2408906882591093
1,2,early_response,rise_duration,13,6,17.0,42.5,25.5,2.5,increase,0.5128205128205128
1,2,early_response,fall_duration,13,6,18.0,57.5,39.5,3.1944444444444446,increase,0.5897435897435898
1,2,early_response,duration,13,6,40.0,114.0,74.0,2.85,increase,0.6923076923076923
1,2,early_response,period,12,6,30.0,100.5,70.5,3.35,increase,0.6805555555555556
1,2,early_response,amplitude,13,6,0.4921558915912101,7.01519122389891,6.5230353323077,14.254002326819247,increase,0.7435897435897436
1,2,early_response,rising_mean_rate,13,6,0.0579006931283776,0.2744744220543821,0.21657372892600452,4.7404341334190345,increase,0.6666666666666666
1,2,early_response,falling_mean_rate,13,6,0.0378581455070161,0.20946514847816372,0.17160700297114762,5.532895118683095,increase,0.8461538461538461
1,2,early_response,peak_rise_rate,13,6,0.023791347065844,0.0938325940174536,0.0700412469516096,3.9439798746059305,increase,0.6666666666666666
1,2,early_response,peak_fall_rate,13,6,0.0430195396103499,0.1409789941445751,0.0979594545342252,3.2770921172447305,increase,0.717948717948718
1,2,early_response,temporal_symmetry,13,6,0.8,0.5798621516332034,-0.22013784836679662,0.7248276895415042,decrease,-0.5128205128205128
1,2,post_response,rise_duration,13,41,17.0,25.0,8.0,1.4705882352941178,increase,0.24390243902439024
1,2,post_response,fall_duration,13,41,18.0,20.0,2.0,1.1111111111111112,increase,-0.024390243902439025
1,2,post_response,duration,13,41,40.0,41.0,1.0,1.025,increase,0.0975609756097561
1,2,post_response,period,12,41,30.0,42.0,12.0,1.4,increase,0.17479674796747968
1,2,post_response,amplitude,13,41,0.4921558915912101,0.4514602122603719,-0.040695679330838175,0.9173114047273452,decrease,0.11819887429643527
1,2,post_response,rising_mean_rate,13,41,0.0579006931283776,0.0490741126846403,-0.008826580443737304,0.8475565668243905,decrease,-0.09568480300187618
1,2,post_response,falling_mean_rate,13,41,0.0378581455070161,0.0561104748234106,0.0182523293163945,1.4821242317062748,increase,0.4709193245778612
1,2,post_response,peak_rise_rate,13,41,0.023791347065844,0.0534453897978892,0.0296540427320452,2.246421341758238,increase,0.3133208255159475
1,2,post_response,peak_fall_rate,13,41,0.0430195396103499,0.0559258550313188,0.0129063154209689,1.3000105426015256,increase,0.15572232645403378
1,2,post_response,temporal_symmetry,13,41,0.8,0.7741935483870968,-0.02580645161290329,0.9677419354838709,decrease,-0.10881801125703565
1,3,early_response,rise_duration,11,5,24.0,59.0,35.0,2.4583333333333335,increase,0.5454545454545454
1,3,early_response,fall_duration,11,5,30.0,82.0,52.0,2.7333333333333334,increase,0.23636363636363636
1,3,early_response,duration,11,5,48.0,132.0,84.0,2.75,increase,0.4727272727272727
1,3,early_response,period,10,5,56.5,141.0,84.5,2.495575221238938,increase,0.6
1,3,early_response,amplitude,11,5,0.6278333644456779,11.211410266797202,10.583576902351524,17.857302433577896,increase,0.6
1,3,early_response,rising_mean_rate,11,5,0.0613022670360624,0.291205461475252,0.2299031944391896,4.750321245117151,increase,0.4909090909090909
1,3,early_response,falling_mean_rate,11,5,0.052596779351808,0.2782759541832502,0.22567917483144218,5.290741326991241,increase,0.5272727272727272
1,3,early_response,peak_rise_rate,11,5,0.0611954078964572,0.1839323412861631,0.1227369333897059,3.0056559406773973,increase,0.6
1,3,early_response,peak_fall_rate,11,5,0.0534282600580809,0.2277427872626503,0.17431452720456939,4.262590378482758,increase,0.23636363636363636
1,3,early_response,temporal_symmetry,11,5,0.7333333333333334,0.6,-0.13333333333333341,0.8181818181818181,decrease,-0.23636363636363636
1,3,post_response,rise_duration,11,39,24.0,22.0,-2.0,0.9166666666666666,decrease,-0.05128205128205128
1,3,post_response,fall_duration,11,39,30.0,22.0,-8.0,0.7333333333333333,decrease,-0.26573426573426573
1,3,post_response,duration,11,39,48.0,48.0,0.0,1.0,unchanged,-0.14685314685314685
1,3,post_response,period,10,39,56.5,41.0,-15.5,0.7256637168141593,decrease,-0.21025641025641026
1,3,post_response,amplitude,11,39,0.6278333644456779,0.7507049131838812,0.12287154873820327,1.1957072619845366,increase,0.016317016317016316
1,3,post_response,rising_mean_rate,11,39,0.0613022670360624,0.0578478901991275,-0.0034543768369348984,0.9436500964164541,decrease,-0.13286713286713286
1,3,post_response,falling_mean_rate,11,39,0.052596779351808,0.0632551676947986,0.010658388342990592,1.2026433647524126,increase,0.15151515151515152
1,3,post_response,peak_rise_rate,11,39,0.0611954078964572,0.0549520681786816,-0.006243339717775603,0.8979769899019326,decrease,-0.016317016317016316
1,3,post_response,peak_fall_rate,11,39,0.0534282600580809,0.0671757598487147,0.013747499790633798,1.257307645348906,increase,0.006993006993006993
1,3,post_response,temporal_symmetry,11,39,0.7333333333333334,0.8,0.06666666666666665,1.0909090909090908,increase,0.20279720279720279
1,4,early_response,rise_duration,12,8,20.5,33.5,13.0,1.6341463414634145,increase,0.46875
1,4,early_response,fall_duration,12,8,21.0,20.5,-0.5,0.9761904761904762,decrease,0.17708333333333334
1,4,early_response,duration,12,8,39.0,52.0,13.0,1.3333333333333333,increase,0.3229166666666667
1,4,early_response,period,11,8,45.0,65.0,20.0,1.4444444444444444,increase,0.23863636363636365
1,4,early_response,amplitude,12,8,0.7691063090785519,0.7228671273213649,-0.046239181757187,0.9398793363006148,decrease,0.20833333333333334
1,4,early_response,rising_mean_rate,12,8,0.071960071611752,0.0676894796359411,-0.0042705919758108946,0.9406533112021882,decrease,0.16666666666666666
1,4,early_response,falling_mean_rate,12,8,0.0713381457252581,0.20416591887359054,0.13282777314833244,2.8619459729145054,increase,0.3958333333333333
1,4,early_response,peak_rise_rate,12,8,0.05236661895105495,0.0881908074941975,0.03582418854314255,1.684103523594411,increase,0.3125
1,4,early_response,peak_fall_rate,12,8,0.0332290655070892,0.05055483879309575,0.017325773286006547,1.521404168958956,increase,0.2708333333333333
1,4,early_response,temporal_symmetry,12,8,0.6060606060606061,0.5871608368747957,-0.018899769185810378,0.9688153808434129,decrease,-0.13541666666666666
1,4,post_response,rise_duration,12,45,20.5,20.0,-0.5,0.975609756097561,decrease,-0.03518518518518519
1,4,post_response,fall_duration,12,45,21.0,19.0,-2.0,0.9047619047619048,decrease,-0.08518518518518518
1,4,post_response,duration,12,45,39.0,40.0,1.0,1.0256410256410255,increase,-0.06481481481481481
1,4,post_response,period,11,45,45.0,39.0,-6.0,0.8666666666666667,decrease,-0.11313131313131314
1,4,post_response,amplitude,12,45,0.7691063090785519,0.567154725856426,-0.20195158322212592,0.7374204569143642,decrease,-0.11851851851851852
1,4,post_response,rising_mean_rate,12,45,0.071960071611752,0.0592591986038973,-0.012700873007854697,0.8235011066083975,decrease,-0.014814814814814815
1,4,post_response,falling_mean_rate,12,45,0.0713381457252581,0.0567154725856426,-0.014622673139615495,0.7950230834996574,decrease,-0.17777777777777778
1,4,post_response,peak_rise_rate,12,45,0.05236661895105495,0.0539869937059393,0.0016203747548843503,1.0309428942968202,increase,-0.025925925925925925
1,4,post_response,peak_fall_rate,12,45,0.0332290655070892,0.0541786532337937,0.0209495877267045,1.6304597317741314,increase,-0.05185185185185185
1,4,post_response,temporal_symmetry,12,45,0.6060606060606061,0.6938775510204082,0.08781694495980208,1.1448979591836734,increase,0.03888888888888889
1,5,early_response,rise_duration,18,5,16.5,57.0,40.5,3.4545454545454546,increase,0.9777777777777777
1,5,early_response,fall_duration,18,5,11.0,76.0,65.0,6.909090909090909,increase,0.9777777777777777
1,5,early_response,duration,18,5,26.5,153.0,126.5,5.773584905660377,increase,0.9888888888888889
1,5,early_response,period,17,5,31.0,142.0,111.0,4.580645161290323,increase,0.9294117647058824
1,5,early_response,amplitude,18,5,0.27358213324373537,11.723090472527474,11.449508339283739,42.85035113050795,increase,0.9777777777777777
1,5,early_response,rising_mean_rate,18,5,0.04477295366901245,0.4040101982786034,0.35923724460959094,9.0235324045244,increase,0.8444444444444444
1,5,early_response,falling_mean_rate,18,5,0.03766690547837265,0.2232969613814757,0.18563005590310305,5.92820032719935,increase,0.7777777777777778
1,5,early_response,peak_rise_rate,18,5,0.03339158409310125,0.1539371154627588,0.12054553136965754,4.610057283702285,increase,0.9111111111111111
1,5,early_response,peak_fall_rate,18,5,0.0250841111795125,0.2653086543034078,0.24022454312389527,10.57676121767867,increase,0.9111111111111111
1,5,early_response,temporal_symmetry,18,5,0.7549857549857549,0.7794871794871795,0.024501424501424562,1.0324528301886793,increase,0.3111111111111111
1,5,post_response,rise_duration,18,30,16.5,33.5,17.0,2.0303030303030303,increase,0.6148148148148148
1,5,post_response,fall_duration,18,30,11.0,31.5,20.5,2.8636363636363638,increase,0.5648148148148148
1,5,post_response,duration,18,30,26.5,57.5,31.0,2.169811320754717,increase,0.7296296296296296
1,5,post_response,period,17,30,31.0,65.0,34.0,2.096774193548387,increase,0.6823529411764706
1,5,post_response,amplitude,18,30,0.27358213324373537,0.8964928663951923,0.622910733151457,3.2768692010910794,increase,0.8222222222222222
1,5,post_response,rising_mean_rate,18,30,0.04477295366901245,0.05947965347700705,0.014706699807994605,1.3284728525331393,increase,0.3888888888888889
1,5,post_response,falling_mean_rate,18,30,0.03766690547837265,0.07070985631873015,0.03304295084035751,1.8772409206625669,increase,0.5296296296296297
1,5,post_response,peak_rise_rate,18,30,0.03339158409310125,0.07665436246206805,0.0432627783689668,2.2956192269388307,increase,0.5851851851851851
1,5,post_response,peak_fall_rate,18,30,0.0250841111795125,0.07502103942044866,0.04993692824093616,2.990779257975951,increase,0.562962962962963
1,5,post_response,temporal_symmetry,18,30,0.7549857549857549,0.7928571428571429,0.037871387871387996,1.0501617250673856,increase,0.011111111111111112
2,1,early_response,rise_duration,13,10,24.0,24.0,0.0,1.0,unchanged,0.16923076923076924
2,1,early_response,fall_duration,13,10,22.0,26.5,4.5,1.2045454545454546,increase,0.19230769230769232
2,1,early_response,duration,13,10,50.0,63.0,13.0,1.26,increase,0.3076923076923077
2,1,early_response,period,12,10,41.5,49.0,7.5,1.180722891566265,increase,0.25833333333333336
2,1,early_response,amplitude,13,10,0.6214452560061545,0.9339871800714263,0.3125419240652718,1.50292752425835,increase,0.35384615384615387
2,1,early_response,rising_mean_rate,13,10,0.0660536194516936,0.0784295507303361,0.012375931278642505,1.1873618944938102,increase,0.27692307692307694
2,1,early_response,falling_mean_rate,13,10,0.0453616972174466,0.0561695326068355,0.010807835389388898,1.2382590611100874,increase,0.12307692307692308
2,1,early_response,peak_rise_rate,13,10,0.0537184709147823,0.0561642510891033,0.0024457801743209967,1.0455295940608758,increase,0.046153846153846156
2,1,early_response,peak_fall_rate,13,10,0.0450416965419208,0.06909089738080629,0.02404920083888549,1.5339319493994334,increase,0.38461538461538464
2,1,early_response,temporal_symmetry,13,10,0.5,0.5607142857142857,0.06071428571428572,1.1214285714285714,increase,0.1076923076923077
2,1,post_response,rise_duration,13,38,24.0,22.5,-1.5,0.9375,decrease,0.17813765182186234
2,1,post_response,fall_duration,13,38,22.0,23.5,1.5,1.0681818181818181,increase,0.016194331983805668
2,1,post_response,duration,13,38,50.0,46.0,-4.0,0.92,decrease,0.05263157894736842
2,1,post_response,period,12,38,41.5,45.5,4.0,1.0963855421686748,increase,0.10526315789473684
2,1,post_response,amplitude,13,38,0.6214452560061545,0.7800088844336415,0.15856362842748695,1.255153011299062,increase,0.0931174089068826
2,1,post_response,rising_mean_rate,13,38,0.0660536194516936,0.0540479683920538,-0.012005651059639792,0.818243857652346,decrease,-0.10931174089068826
2,1,post_response,falling_mean_rate,13,38,0.0453616972174466,0.05891263031942015,0.013550933101973549,1.2987307339276917,increase,0.18218623481781376
2,1,post_response,peak_rise_rate,13,38,0.0537184709147823,0.06005539195859905,0.006336921043816744,1.1179654025124708,increase,0.15384615384615385
2,1,post_response,peak_fall_rate,13,38,0.0450416965419208,0.06733514572113106,0.022293449179210258,1.4949513648639212,increase,0.2591093117408907
2,1,post_response,temporal_symmetry,13,38,0.5,0.7801932367149759,0.28019323671497587,1.5603864734299517,increase,0.4493927125506073
2,2,early_response,rise_duration,10,8,24.0,34.5,10.5,1.4375,increase,0.35
2,2,early_response,fall_duration,10,8,21.0,31.5,10.5,1.5,increase,0.225
2,2,early_response,duration,10,8,57.0,61.0,4.0,1.0701754385964912,increase,0.2125
2,2,early_response,period,9,8,38.0,79.0,41.0,2.0789473684210527,increase,0.4305555555555556
2,2,early_response,amplitude,10,8,1.0243506875713138,1.114447482251535,0.09009679468022114,1.087955029242804,increase,0.325
2,2,early_response,rising_mean_rate,10,8,0.058689773984388946,0.08503587512590549,0.026346101141516545,1.4489044573339884,increase,0.375
2,2,early_response,falling_mean_rate,10,8,0.05440160244010955,0.06931572810959155,0.014914125669481998,1.2741486463730711,increase,0.4
2,2,early_response,peak_rise_rate,10,8,0.0604987663446991,0.09935073075062059,0.038851964405921494,1.6421943248323063,increase,0.475
2,2,early_response,peak_fall_rate,10,8,0.0665017189873651,0.0852759256879835,0.018774206700618412,1.2823116001585673,increase,0.325
2,2,early_response,temporal_symmetry,10,8,0.7018518518518518,0.7338458110516934,0.031993959199841604,1.0455850606013575,increase,0.1
2,2,post_response,rise_duration,10,41,24.0,22.0,-2.0,0.9166666666666666,decrease,-0.16829268292682928
2,2,post_response,fall_duration,10,41,21.0,19.0,-2.0,0.9047619047619048,decrease,-0.18048780487804877
2,2,post_response,duration,10,41,57.0,42.0,-15.0,0.7368421052631579,decrease,-0.3097560975609756
2,2,post_response,period,9,41,38.0,42.0,4.0,1.105263157894737,increase,-0.17073170731707318
2,2,post_response,amplitude,10,41,1.0243506875713138,0.5970277094002086,-0.4273229781711052,0.5828352698388211,decrease,-0.21951219512195122
2,2,post_response,rising_mean_rate,10,41,0.058689773984388946,0.0515979178094847,-0.007091856174904244,0.8791636823002483,decrease,-0.03414634146341464
2,2,post_response,falling_mean_rate,10,41,0.05440160244010955,0.0628450220421272,0.008443419602017652,1.1552053473298507,increase,0.2
2,2,post_response,peak_rise_rate,10,41,0.0604987663446991,0.057453962679574,-0.0030448036651250995,0.9496716404467331,decrease,0.004878048780487805
2,2,post_response,peak_fall_rate,10,41,0.0665017189873651,0.0540714926181408,-0.012430226369224293,0.8130841343877749,decrease,-0.13658536585365855
2,2,post_response,temporal_symmetry,10,41,0.7018518518518518,0.6881720430107527,-0.013679808841099095,0.9805089794876161,decrease,-0.07073170731707316
2,3,early_response,rise_duration,11,11,21.0,31.0,10.0,1.4761904761904763,increase,0.19834710743801653
2,3,early_response,fall_duration,11,11,25.0,29.0,4.0,1.16,increase,0.2231404958677686
2,3,early_response,duration,11,11,46.0,60.0,14.0,1.3043478260869565,increase,0.32231404958677684
2,3,early_response,period,10,11,48.5,58.0,9.5,1.1958762886597938,increase,0.20909090909090908
2,3,early_response,amplitude,11,11,0.7271151932072826,1.0510822487847236,0.323967055577441,1.445551211972937,increase,0.4380165289256198
2,3,early_response,rising_mean_rate,11,11,0.048228391678363,0.0810447209195217,0.032816329241158695,1.6804359029845337,increase,0.3884297520661157
2,3,early_response,falling_mean_rate,11,11,0.0538603846820209,0.0839420808480601,0.030081696166039194,1.5585124640983254,increase,0.3884297520661157
2,3,early_response,peak_rise_rate,11,11,0.0579494643009184,0.0703135144485713,0.012364050147652898,1.2133591793609892,increase,0.33884297520661155
2,3,early_response,peak_fall_rate,11,11,0.0530425927438045,0.0767477888237408,0.0237051960799363,1.4469086983442212,increase,0.30578512396694213
2,3,early_response,temporal_symmetry,11,11,0.7741935483870968,0.5423728813559322,-0.23182066703116455,0.7005649717514124,decrease,-0.32231404958677684
2,3,post_response,rise_duration,11,39,21.0,20.0,-1.0,0.9523809523809523,decrease,-0.17715617715617715
2,3,post_response,fall_duration,11,39,25.0,21.0,-4.0,0.84,decrease,-0.14918414918414918
2,3,post_response,duration,11,39,46.0,44.0,-2.0,0.9565217391304348,decrease,-0.12121212121212122
2,3,post_response,period,10,39,48.5,35.0,-13.5,0.7216494845360825,decrease,-0.1641025641025641
2,3,post_response,amplitude,11,39,0.7271151932072826,0.5589261586474095,-0.1681890345598731,0.7686899735680168,decrease,-0.030303030303030304
2,3,post_response,rising_mean_rate,11,39,0.048228391678363,0.057231121003781,0.009002729325417999,1.1866686615937256,increase,0.12354312354312354
2,3,post_response,falling_mean_rate,11,39,0.0538603846820209,0.0640479196882986,0.010187535006277691,1.189147089580264,increase,0.07226107226107226
2,3,post_response,peak_rise_rate,11,39,0.0579494643009184,0.042300004949584,-0.015649459351334404,0.7299464362591807,decrease,-0.08624708624708624
2,3,post_response,peak_fall_rate,11,39,0.0530425927438045,0.0419004376636166,-0.011142155080187899,0.7899394712094022,decrease,-0.1282051282051282
2,3,post_response,temporal_symmetry,11,39,0.7741935483870968,0.5411764705882354,-0.23301707779886138,0.6990196078431373,decrease,-0.3916083916083916
2,4,early_response,rise_duration,16,16,17.0,20.0,3.0,1.1764705882352942,increase,0.19140625
2,4,early_response,fall_duration,16,16,12.0,13.5,1.5,1.125,increase,0.11328125
2,4,early_response,duration,16,16,27.5,44.5,17.0,1.6181818181818182,increase,0.25390625
2,4,early_response,period,15,16,34.0,38.0,4.0,1.1176470588235294,increase,0.2
2,4,early_response,amplitude,16,16,0.456244852343616,0.7991240532214761,0.34287920087786006,1.7515245358201306,increase,0.171875
2,4,early_response,rising_mean_rate,16,16,0.04519055301259765,0.0607624159218358,0.015571862909238149,1.3445822604759279,increase,0.0546875
2,4,early_response,falling_mean_rate,16,16,0.0595323809930456,0.0567731929247752,-0.002759188068270399,0.9536523145514251,decrease,-0.0078125
2,4,early_response,peak_rise_rate,16,16,0.040324879635204494,0.04722574486881965,0.006900865233615154,1.1711317007277697,increase,0.0625
2,4,early_response,peak_fall_rate,16,16,0.03455570854557655,0.03480695399919105,0.00025124545361450423,1.0072707365639206,increase,0.1328125
2,4,early_response,temporal_symmetry,16,16,0.4142857142857143,0.6294642857142857,0.21517857142857139,1.519396551724138,increase,0.28125
2,4,post_response,rise_duration,16,41,17.0,21.0,4.0,1.2352941176470589,increase,0.2850609756097561
2,4,post_response,fall_duration,16,41,12.0,21.0,9.0,1.75,increase,0.15548780487804878
2,4,post_response,duration,16,41,27.5,38.0,10.5,1.3818181818181818,increase,0.2423780487804878
2,4,post_response,period,15,41,34.0,47.0,13.0,1.3823529411764706,increase,0.2910569105691057
2,4,post_response,amplitude,16,41,0.456244852343616,0.5229087377774704,0.06666388543385438,1.1461142741477928,increase,0.18292682926829268
2,4,post_response,rising_mean_rate,16,41,0.04519055301259765,0.0561154698283417,0.010924916815744048,1.2417522266810619,increase,-0.021341463414634148
2,4,post_response,falling_mean_rate,16,41,0.0595323809930456,0.0633041360936583,0.0037717551006127004,1.0633563623308349,increase,0.06707317073170732
2,4,post_response,peak_rise_rate,16,41,0.040324879635204494,0.0606215114082715,0.02029663177306701,1.5033277707628323,increase,0.2652439024390244
2,4,post_response,peak_fall_rate,16,41,0.03455570854557655,0.0616834182718776,0.027127709726301054,1.7850427865057814,increase,0.22560975609756098
2,4,post_response,temporal_symmetry,16,41,0.4142857142857143,0.7647058823529411,0.3504201680672268,1.8458417849898578,increase,0.32164634146341464
2,5,early_response,rise_duration,11,13,28.0,10.0,-18.0,0.35714285714285715,decrease,-0.15384615384615385
2,5,early_response,fall_duration,11,13,26.0,24.0,-2.0,0.9230769230769231,decrease,-0.06993006993006994
2,5,early_response,duration,11,13,55.0,38.0,-17.0,0.6909090909090909,decrease,-0.11888111888111888
2,5,early_response,period,10,13,46.0,50.0,4.0,1.0869565217391304,increase,-0.12307692307692308
2,5,early_response,amplitude,11,13,0.6010136378733932,0.7610147699163008,0.16000113204290756,1.2662188043004319,increase,0.02097902097902098
2,5,early_response,rising_mean_rate,11,13,0.0523426826598876,0.0803471125640888,0.028004429904201204,1.5350209137381905,increase,0.25874125874125875
2,5,early_response,falling_mean_rate,11,13,0.0457580750781484,0.0534521954774801,0.007694120399331698,1.1681478162311507,increase,0.20279720279720279
2,5,early_response,peak_rise_rate,11,13,0.0532766722006272,0.0270541742338991,-0.0262224979667281,0.5078052572807016,decrease,-0.13286713286713286
2,5,early_response,peak_fall_rate,11,13,0.0718640550087457,0.0450075112259582,-0.026856543782787498,0.6262868303281923,decrease,-0.07692307692307693
2,5,early_response,temporal_symmetry,11,13,0.8695652173913043,0.5,-0.3695652173913043,0.5750000000000001,decrease,-0.6433566433566433
2,5,post_response,rise_duration,11,48,28.0,17.0,-11.0,0.6071428571428571,decrease,-0.19128787878787878
2,5,post_response,fall_duration,11,48,26.0,14.5,-11.5,0.5576923076923077,decrease,-0.3693181818181818
2,5,post_response,duration,11,48,55.0,34.0,-21.0,0.6181818181818182,decrease,-0.3541666666666667
2,5,post_response,period,10,48,46.0,32.5,-13.5,0.7065217391304348,decrease,-0.36041666666666666
2,5,post_response,amplitude,11,48,0.6010136378733932,0.5112281815042934,-0.08978545636909985,0.8506099517362139,decrease,-0.16666666666666666
2,5,post_response,rising_mean_rate,11,48,0.0523426826598876,0.05318557343611395,0.0008428907762263529,1.0161033163260524,increase,-0.045454545454545456
2,5,post_response,falling_mean_rate,11,48,0.0457580750781484,0.05748686257982975,0.011728787501681354,1.2563216980095913,increase,0.2727272727272727
2,5,post_response,peak_rise_rate,11,48,0.0532766722006272,0.0393385428402325,-0.0139381293603947,0.738382132654475,decrease,-0.11363636363636363
2,5,post_response,peak_fall_rate,11,48,0.0718640550087457,0.04368259217096685,-0.028181462837778844,0.6078503664405074,decrease,-0.20454545454545456
2,5,post_response,temporal_symmetry,11,48,0.8695652173913043,0.5732323232323232,-0.2963328941589811,0.6592171717171718,decrease,-0.4147727272727273
4,1,early_response,rise_duration,11,16,26.0,14.5,-11.5,0.5576923076923077,decrease,-0.23863636363636365
4,1,early_response,fall_duration,11,16,19.0,20.5,1.5,1.0789473684210527,increase,-0.13636363636363635
4,1,early_response,duration,11,16,52.0,32.5,-19.5,0.625,decrease,-0.1875
4,1,early_response,period,10,16,45.5,36.0,-9.5,0.7912087912087912,decrease,-0.3625
4,1,early_response,amplitude,11,16,0.6142042208728071,0.5736522950461449,-0.04055192582666223,0.9339764781019635,decrease,0.07954545454545454
4,1,early_response,rising_mean_rate,11,16,0.0520667962048993,0.0699654853256409,0.0178986891207416,1.3437639806049253,increase,0.32954545454545453
4,1,early_response,falling_mean_rate,11,16,0.0415339432997825,0.05518853787540805,0.013654594575625546,1.3287574810094434,increase,0.3522727272727273
4,1,early_response,peak_rise_rate,11,16,0.0535604254677309,0.0320539539470246,-0.021506471520706297,0.5984633928335106,decrease,-0.22727272727272727
4,1,early_response,peak_fall_rate,11,16,0.0488075287786614,0.039152368627605905,-0.009655160151055497,0.8021788770572477,decrease,-0.13636363636363635
4,1,early_response,temporal_symmetry,11,16,0.6666666666666667,0.5326246334310851,-0.13404203323558161,0.7989369501466276,decrease,-0.32386363636363635
4,1,post_response,rise_duration,11,39,26.0,23.0,-3.0,0.8846153846153846,decrease,-0.004662004662004662
4,1,post_response,fall_duration,11,39,19.0,20.0,1.0,1.0526315789473684,increase,-0.11655011655011654
4,1,post_response,duration,11,39,52.0,42.0,-10.0,0.8076923076923077,decrease,-0.0979020979020979
4,1,post_response,period,10,39,45.5,45.0,-0.5,0.989010989010989,decrease,-0.19230769230769232
4,1,post_response,amplitude,11,39,0.6142042208728071,0.7687812363205921,0.15457701544778502,1.2516703894156334,increase,0.039627039627039624
4,1,post_response,rising_mean_rate,11,39,0.0520667962048993,0.0635404299857518,0.011473633780852498,1.2203637369140234,increase,0.1655011655011655
4,1,post_response,falling_mean_rate,11,39,0.0415339432997825,0.0597301459182331,0.018196202618450598,1.4381043833742095,increase,0.35664335664335667
4,1,post_response,peak_rise_rate,11,39,0.0535604254677309,0.0433762242795182,-0.0101842011882127,0.8098558572065773,decrease,-0.10955710955710955
4,1,post_response,peak_fall_rate,11,39,0.0488075287786614,0.0441712998649563,-0.004636228913705104,0.9050099640420217,decrease,-0.10955710955710955
4,1,post_response,temporal_symmetry,11,39,0.6666666666666667,0.5964912280701755,-0.07017543859649122,0.8947368421052632,decrease,-0.2400932400932401
4,2,early_response,rise_duration,11,14,25.0,22.0,-3.0,0.88,decrease,-0.012987012987012988
4,2,early_response,fall_duration,11,14,27.0,24.0,-3.0,0.8888888888888888,decrease,0.03896103896103896
4,2,early_response,duration,11,14,49.0,51.0,2.0,1.0408163265306123,increase,0.03896103896103896
4,2,early_response,period,10,14,57.5,44.0,-13.5,0.7652173913043478,decrease,-0.07142857142857142
4,2,early_response,amplitude,11,14,0.758244347881373,0.8004356258319376,0.042191277950564654,1.0556433794309872,increase,0.09090909090909091
4,2,early_response,rising_mean_rate,11,14,0.0487800643598055,0.06069668663261875,0.011916622272813246,1.2442928772072814,increase,0.03896103896103896
4,2,early_response,falling_mean_rate,11,14,0.0695162670665232,0.0662811551426412,-0.0032351119238819975,0.9534625194879038,decrease,0.03896103896103896
4,2,early_response,peak_rise_rate,11,14,0.0678861550452438,0.06994796091294114,0.0020618058676973444,1.0303715222393022,increase,0.15584415584415584
4,2,early_response,peak_fall_rate,11,14,0.0623741108920057,0.08693525644348475,0.02456114555147905,1.3937714734564173,increase,0.16883116883116883
4,2,early_response,temporal_symmetry,11,14,0.7647058823529411,0.834848484848485,0.07014260249554383,1.091724941724942,increase,0.11688311688311688
4,2,post_response,rise_duration,11,35,25.0,26.0,1.0,1.04,increase,0.04935064935064935
4,2,post_response,fall_duration,11,35,27.0,23.0,-4.0,0.8518518518518519,decrease,0.03896103896103896
4,2,post_response,duration,11,35,49.0,42.0,-7.0,0.8571428571428571,decrease,-0.05454545454545454
4,2,post_response,period,10,35,57.5,44.0,-13.5,0.7652173913043478,decrease,-0.017142857142857144
4,2,post_response,amplitude,11,35,0.758244347881373,0.7581355084867027,-0.00010883939467021264,0.9998564586798776,decrease,0.0025974025974025974
4,2,post_response,rising_mean_rate,11,35,0.0487800643598055,0.060705652355773,0.011925587995967497,1.2444766761274328,increase,0.14805194805194805
4,2,post_response,falling_mean_rate,11,35,0.0695162670665232,0.0569707361573819,-0.012545530909141296,0.8195310042017083,decrease,-0.04415584415584416
4,2,post_response,peak_rise_rate,11,35,0.0678861550452438,0.0564298564353975,-0.011456298609846295,0.831242488218532,decrease,-0.0025974025974025974
4,2,post_response,peak_fall_rate,11,35,0.0623741108920057,0.0615522264398805,-0.0008218844521252003,0.9868233079338283,decrease,-0.0025974025974025974
4,2,post_response,temporal_symmetry,11,35,0.7647058823529411,0.7450980392156863,-0.019607843137254832,0.9743589743589745,decrease,-0.01818181818181818
4,3,early_response,rise_duration,13,12,14.0,27.0,13.0,1.9285714285714286,increase,0.36538461538461536
4,3,early_response,fall_duration,13,12,14.0,30.5,16.5,2.1785714285714284,increase,0.21794871794871795
4,3,early_response,duration,13,12,30.0,54.5,24.5,1.8166666666666667,increase,0.28846153846153844
4,3,early_response,period,12,12,48.5,61.0,12.5,1.2577319587628866,increase,0.3055555555555556
4,3,early_response,amplitude,13,12,0.6456698000129109,0.8435182466187143,0.19784844660580347,1.3064235722374615,increase,0.41025641025641024
4,3,early_response,rising_mean_rate,13,12,0.0499821796696113,0.0818420463884706,0.031859866718859306,1.6374245166868906,increase,0.44871794871794873
4,3,early_response,falling_mean_rate,13,12,0.0491310762896318,0.0658210155634634,0.016689939273831597,1.3397022930139575,increase,0.3974358974358974
4,3,early_response,peak_rise_rate,13,12,0.0368548474286399,0.0887871050875446,0.051932257658904704,2.409102500273767,increase,0.5384615384615384
4,3,early_response,peak_fall_rate,13,12,0.0536159092619982,0.0844731715984835,0.0308572623364853,1.575524368815587,increase,0.24358974358974358
4,3,early_response,temporal_symmetry,13,12,0.631578947368421,0.7228915662650602,0.09131261889663922,1.144578313253012,increase,0.10897435897435898
4,3,post_response,rise_duration,13,44,14.0,21.0,7.0,1.5,increase,-0.005244755244755245
4,3,post_response,fall_duration,13,44,14.0,19.0,5.0,1.3571428571428572,increase,-0.08391608391608392
4,3,post_response,duration,13,44,30.0,39.0,9.0,1.3,increase,0.008741258741258742
4,3,post_response,period,12,44,48.5,35.5,-13.0,0.7319587628865979,decrease,-0.030303030303030304
4,3,post_response,amplitude,13,44,0.6456698000129109,0.6162774019926474,-0.0293923980202635,0.9544776633200504,decrease,0.11188811188811189
4,3,post_response,rising_mean_rate,13,44,0.0499821796696113,0.060284749054907896,0.010302569385296598,1.2061248519651988,increase,0.23426573426573427
4,3,post_response,falling_mean_rate,13,44,0.0491310762896318,0.06076532744851125,0.01163425115887945,1.236800250218305,increase,0.1958041958041958
4,3,post_response,peak_rise_rate,13,44,0.0368548474286399,0.037317352331365294,0.0004625049027253969,1.0125493641947894,increase,0.09090909090909091
4,3,post_response,peak_fall_rate,13,44,0.0536159092619982,0.03401475162506805,-0.01960115763693015,0.6344152713861924,decrease,-0.14335664335664336
4,3,post_response,temporal_symmetry,13,44,0.631578947368421,0.6167206358551663,-0.014858311513254674,0.9764743401040135,decrease,-0.13111888111888112
4,4,early_response,rise_duration,13,19,19.0,9.0,-10.0,0.47368421052631576,decrease,-0.2388663967611336
4,4,early_response,fall_duration,13,19,22.0,15.0,-7.0,0.6818181818181818,decrease,-0.10526315789473684
4,4,early_response,duration,13,19,34.0,41.0,7.0,1.2058823529411764,increase,-0.17408906882591094
4,4,early_response,period,12,19,48.5,28.0,-20.5,0.5773195876288659,decrease,-0.3026315789473684
4,4,early_response,amplitude,13,19,0.6754878507226749,0.5879501095887463,-0.08753774113392865,0.8704081190501416,decrease,-0.20647773279352227
4,4,early_response,rising_mean_rate,13,19,0.0746211058103893,0.0624335774332848,-0.012187528377104503,0.8366745139361408,decrease,0.07692307692307693
4,4,early_response,falling_mean_rate,13,19,0.0472504197731495,0.0546240716371682,0.007373651864018706,1.1560547377022214,increase,-0.08502024291497975
4,4,early_response,peak_rise_rate,13,19,0.0516080788931958,0.0387580082392105,-0.012850070653985295,0.7510066073069909,decrease,-0.27125506072874495
4,4,early_response,peak_fall_rate,13,19,0.0572611843265349,0.0394076764753208,-0.017853507851214104,0.6882092457361074,decrease,-0.14979757085020243
4,4,early_response,temporal_symmetry,13,19,0.7058823529411764,0.6666666666666667,-0.039215686274509665,0.9444444444444446,decrease,-0.15789473684210525
4,4,post_response,rise_duration,13,34,19.0,25.0,6.0,1.3157894736842106,increase,0.17873303167420815
4,4,post_response,fall_duration,13,34,22.0,25.5,3.5,1.1590909090909092,increase,0.1515837104072398
4,4,post_response,duration,13,34,34.0,40.5,6.5,1.1911764705882353,increase,0.18099547511312217
4,4,post_response,period,12,34,48.5,49.0,0.5,1.0103092783505154,increase,0.06862745098039216
4,4,post_response,amplitude,13,34,0.6754878507226749,0.7699379324790243,0.09445008175634939,1.1398249896801274,increase,0.11312217194570136
4,4,post_response,rising_mean_rate,13,34,0.0746211058103893,0.05252605125536365,-0.022095054555025653,0.7039034155943932,decrease,-0.058823529411764705
4,4,post_response,falling_mean_rate,13,34,0.0472504197731495,0.06348127821825994,0.016230858445110442,1.3435071798945961,increase,0.08597285067873303
4,4,post_response,peak_rise_rate,13,34,0.0516080788931958,0.06634170002923831,0.014733621136042513,1.285490594729056,increase,-0.027149321266968326
4,4,post_response,peak_fall_rate,13,34,0.0572611843265349,0.06171191153423475,0.004450727207699845,1.0777267753024342,increase,0.11764705882352941
4,4,post_response,temporal_symmetry,13,34,0.7058823529411764,0.7124735729386893,0.006591219997512887,1.0093375616631433,increase,0.07918552036199095
4,5,early_response,rise_duration,10,18,30.0,18.0,-12.0,0.6,decrease,-0.26666666666666666
4,5,early_response,fall_duration,10,18,27.0,21.0,-6.0,0.7777777777777778,decrease,-0.37777777777777777
4,5,early_response,duration,10,18,51.0,38.5,-12.5,0.7549019607843137,decrease,-0.45
4,5,early_response,period,9,18,54.0,37.0,-17.0,0.6851851851851852,decrease,-0.4074074074074074
4,5,early_response,amplitude,10,18,0.6160473461399079,0.48214545061432545,-0.1339018955255824,0.7826434991326584,decrease,-0.4
4,5,early_response,rising_mean_rate,10,18,0.068449087641021,0.0569687565323041,-0.011480331108716907,0.832279267637209,decrease,-0.26666666666666666
4,5,early_response,falling_mean_rate,10,18,0.044199998411018904,0.0449314488296403,0.000731450418621396,1.0165486525999297,increase,-0.16666666666666666
4,5,early_response,peak_rise_rate,10,18,0.06708669974245815,0.038779992065178646,-0.028306707677279504,0.5780578298537971,decrease,-0.35555555555555557
4,5,early_response,peak_fall_rate,10,18,0.061447604794534455,0.0577909962615194,-0.0036566085330150544,0.9404922527860631,decrease,-0.2
4,5,early_response,temporal_symmetry,10,18,0.6491754122938531,0.775,0.1258245877061469,1.1938221709006929,increase,0.14444444444444443
4,5,post_response,rise_duration,10,42,30.0,20.5,-9.5,0.6833333333333333,decrease,-0.11428571428571428
4,5,post_response,fall_duration,10,42,27.0,18.5,-8.5,0.6851851851851852,decrease,-0.28809523809523807
4,5,post_response,duration,10,42,51.0,39.5,-11.5,0.7745098039215687,decrease,-0.27380952380952384
4,5,post_response,period,9,42,54.0,41.5,-12.5,0.7685185185185185,decrease,-0.2698412698412698
4,5,post_response,amplitude,10,42,0.6160473461399079,0.616536697851302,0.0004893517113941925,1.0007943410753417,increase,-0.19523809523809524
4,5,post_response,rising_mean_rate,10,42,0.068449087641021,0.05633819810009935,-0.012110889540921654,0.8230671882080179,decrease,-0.22380952380952382
4,5,post_response,falling_mean_rate,10,42,0.044199998411018904,0.06209624811269385,0.017896249701674943,1.4048925417430211,increase,0.15714285714285714
4,5,post_response,peak_rise_rate,10,42,0.06708669974245815,0.05281637037642205,-0.014270329366036102,0.7872852678575776,decrease,-0.08095238095238096
4,5,post_response,peak_fall_rate,10,42,0.061447604794534455,0.0546426968451669,-0.006804907949367556,0.8892567420305237,decrease,-0.1523809523809524
4,5,post_response,temporal_symmetry,10,42,0.6491754122938531,0.6458333333333334,-0.0033420789605197454,0.9948518090839107,decrease,0.030952380952380953
6,1,early_response,rise_duration,13,4,21.0,42.5,21.5,2.0238095238095237,increase,0.46153846153846156
6,1,early_response,fall_duration,13,4,15.0,25.0,10.0,1.6666666666666667,increase,0.46153846153846156
6,1,early_response,duration,13,4,37.0,75.0,38.0,2.027027027027027,increase,0.5961538461538461
6,1,early_response,period,12,4,33.0,60.5,27.5,1.8333333333333333,increase,0.6458333333333334
6,1,early_response,amplitude,13,4,0.336975134468048,4.381198588265306,4.044223453797258,13.001548601446531,increase,0.6153846153846154
6,1,early_response,rising_mean_rate,13,4,0.0367346284247105,0.20408543864661416,0.16735081022190365,5.555669062092126,increase,0.7307692307692307
6,1,early_response,falling_mean_rate,13,4,0.0478366647493607,0.1454626982999152,0.0976260335505545,3.040820238243286,increase,0.46153846153846156
6,1,early_response,peak_rise_rate,13,4,0.0377130605252205,0.07609423692115336,0.03838117639593286,2.017715769057395,increase,0.3076923076923077
6,1,early_response,peak_fall_rate,13,4,0.0279255410666792,0.0806481730916175,0.05272263202493829,2.8879717280696497,increase,0.5
6,1,early_response,temporal_symmetry,13,4,0.7924528301886793,0.5765344112328475,-0.21591841895583175,0.7275315189366885,decrease,-0.2692307692307692
6,2,early_response,rise_duration,14,4,19.0,40.5,21.5,2.1315789473684212,increase,0.125
6,2,early_response,fall_duration,14,4,22.0,22.5,0.5,1.0227272727272727,increase,0.19642857142857142
6,2,early_response,duration,14,4,41.0,65.5,24.5,1.5975609756097562,increase,0.32142857142857145
6,2,early_response,period,13,4,42.0,69.0,27.0,1.6428571428571428,increase,0.5384615384615384
6,2,early_response,amplitude,14,4,0.6241693346797774,4.453464820881663,3.829295486201886,7.1350266240914575,increase,0.5714285714285714
6,2,early_response,rising_mean_rate,14,4,0.0635301109703026,0.19723389794247037,0.13370378697216778,3.104573483818848,increase,0.6785714285714286
6,2,early_response,falling_mean_rate,14,4,0.04993354677438215,0.36912138501754577,0.3191878382431636,7.392252480789516,increase,0.5
6,2,early_response,peak_rise_rate,14,4,0.0491269252578376,0.09917977259551655,0.05005284733767895,2.018847547958309,increase,0.25
6,2,early_response,peak_fall_rate,14,4,0.06321677877081125,0.09180812935519495,0.028591350584383696,1.452274714724709,increase,0.32142857142857145
6,2,early_response,temporal_symmetry,14,4,0.6346691519105312,0.3508771929824561,-0.28379195892807507,0.552850555169127,decrease,-0.35714285714285715
6,3,early_response,rise_duration,13,3,24.0,63.0,39.0,2.625,increase,0.6410256410256411
6,3,early_response,fall_duration,13,3,19.0,57.0,38.0,3.0,increase,0.6666666666666666
6,3,early_response,duration,13,3,39.0,98.0,59.0,2.5128205128205128,increase,1.0
6,3,early_response,period,12,3,45.0,120.0,75.0,2.6666666666666665,increase,0.4444444444444444
6,3,early_response,amplitude,13,3,0.5632784986687511,6.654203439154344,6.090924940485593,11.81334536091977,increase,1.0
6,3,early_response,rising_mean_rate,13,3,0.0473564985984846,0.181597822704829,0.1342413241063444,3.834696991526314,increase,0.7948717948717948
6,3,early_response,falling_mean_rate,13,3,0.05981873507177,0.2835474775566629,0.22372874248489288,4.74011155897003,increase,0.8461538461538461
6,3,early_response,peak_rise_rate,13,3,0.0570738062029704,0.1803645579785552,0.1232907517755848,3.1601985214921258,increase,0.8461538461538461
6,3,early_response,peak_fall_rate,13,3,0.047508517174765,0.0973619295884418,0.049853412413676794,2.049357365339058,increase,0.4358974358974359
6,3,early_response,temporal_symmetry,13,3,0.8823529411764706,0.4634146341463414,-0.4189383070301292,0.5252032520325203,decrease,-0.5384615384615384
6,4,early_response,rise_duration,15,5,18.0,31.0,13.0,1.7222222222222223,increase,0.4533333333333333
6,4,early_response,fall_duration,15,5,16.0,25.0,9.0,1.5625,increase,0.30666666666666664
6,4,early_response,duration,15,5,34.0,46.0,12.0,1.3529411764705883,increase,0.41333333333333333
6,4,early_response,period,14,5,30.5,42.0,11.5,1.3770491803278688,increase,0.5857142857142857
6,4,early_response,amplitude,15,5,0.543391893477974,1.9803168099585944,1.4369249164806204,3.644362077769688,increase,0.5733333333333334
6,4,early_response,rising_mean_rate,15,5,0.0652271847354086,0.1277623748360383,0.0625351901006297,1.958728946440064,increase,0.5466666666666666
6,4,early_response,falling_mean_rate,15,5,0.061836153095273,0.2461624550912873,0.1843263019960143,3.980882425076099,increase,0.36
6,4,early_response,peak_rise_rate,15,5,0.0454138697996768,0.1189152655048928,0.073501395705216,2.6184790247876895,increase,0.38666666666666666
6,4,early_response,peak_fall_rate,15,5,0.0608181537468681,0.0785966953293154,0.0177785415824473,1.2923229412133022,increase,0.3333333333333333
6,4,early_response,temporal_symmetry,15,5,0.76,0.6842105263157895,-0.07578947368421052,0.9002770083102494,decrease,0.013333333333333334
6,5,early_response,rise_duration,15,4,14.0,33.0,19.0,2.357142857142857,increase,0.6
6,5,early_response,fall_duration,15,4,18.0,26.5,8.5,1.4722222222222223,increase,0.4
6,5,early_response,duration,15,4,27.0,54.0,27.0,2.0,increase,0.4666666666666667
6,5,early_response,period,14,4,40.0,74.5,34.5,1.8625,increase,0.5
6,5,early_response,amplitude,15,4,0.481437091726093,4.880404173883562,4.398967082157469,10.137158639742283,increase,0.9
6,5,early_response,rising_mean_rate,15,4,0.0536844789825931,0.1780420649663478,0.12435758598375471,3.316453253166096,increase,0.7666666666666667
6,5,early_response,falling_mean_rate,15,4,0.0536767408897999,0.2915870846082663,0.23791034371846642,5.432279974056251,increase,0.8666666666666667
6,5,early_response,peak_rise_rate,15,4,0.0431734678315933,0.17596225516274439,0.13278878733115107,4.075703528127973,increase,0.8666666666666667
6,5,early_response,peak_fall_rate,15,4,0.0410514229279215,0.0991703644561312,0.0581189415282097,2.415759488538449,increase,0.9666666666666667
6,5,early_response,temporal_symmetry,15,4,0.647887323943662,0.7173827355143871,0.06949541157072514,1.1072646569895974,increase,0.3333333333333333
7,1,early_response,rise_duration,16,13,16.0,26.0,10.0,1.625,increase,0.42788461538461536
7,1,early_response,fall_duration,16,13,14.5,27.0,12.5,1.8620689655172413,increase,0.3317307692307692
7,1,early_response,duration,16,13,33.0,54.0,21.0,1.6363636363636365,increase,0.4375
7,1,early_response,period,15,13,28.0,49.0,21.0,1.75,increase,0.3487179487179487
7,1,early_response,amplitude,16,13,0.38256989454555423,0.7553096660674328,0.37273977152187854,1.9743050272281548,increase,0.38461538461538464
7,1,early_response,rising_mean_rate,16,13,0.0621336559527397,0.050839364528121,-0.0112942914246187,0.8182258672625123,decrease,-0.08653846153846154
7,1,early_response,falling_mean_rate,16,13,0.0374892579793453,0.0597790466794726,0.0222897887001273,1.594564680698878,increase,0.3173076923076923
7,1,early_response,peak_rise_rate,16,13,0.0299780091542061,0.0667547048379219,0.0367766956837158,2.2267891271410796,increase,0.4326923076923077
7,1,early_response,peak_fall_rate,16,13,0.03497857987081255,0.0751218519070335,0.040143272036220944,2.147652997476836,increase,0.41346153846153844
7,1,early_response,temporal_symmetry,16,13,0.6107142857142858,0.8571428571428572,0.24642857142857144,1.4035087719298245,increase,0.6201923076923077
7,1,post_response,rise_duration,16,37,16.0,23.0,7.0,1.4375,increase,0.3597972972972973
7,1,post_response,fall_duration,16,37,14.5,21.0,6.5,1.4482758620689655,increase,0.22972972972972974
7,1,post_response,duration,16,37,33.0,48.0,15.0,1.4545454545454546,increase,0.3530405405405405
7,1,post_response,period,15,37,28.0,50.0,22.0,1.7857142857142858,increase,0.3081081081081081
7,1,post_response,amplitude,16,37,0.38256989454555423,0.7589617731102862,0.376391878564732,1.9838512751031783,increase,0.3310810810810811
7,1,post_response,rising_mean_rate,16,37,0.0621336559527397,0.0499053440469833,-0.012228311905756399,0.8031934268432951,decrease,-0.21283783783783783
7,1,post_response,falling_mean_rate,16,37,0.0374892579793453,0.0563105236162466,0.0188212656369013,1.5020442295035787,increase,0.19256756756756757
7,1,post_response,peak_rise_rate,16,37,0.0299780091542061,0.0590141925304578,0.029036183376251704,1.9685827776918183,increase,0.3344594594594595
7,1,post_response,peak_fall_rate,16,37,0.03497857987081255,0.0477942867568344,0.01281570688602185,1.3663872842566647,increase,0.2702702702702703
7,1,post_response,temporal_symmetry,16,37,0.6107142857142858,0.7058823529411764,0.09516806722689064,1.155830753353973,increase,0.2989864864864865
7,2,early_response,rise_duration,13,20,21.0,9.0,-12.0,0.42857142857142855,decrease,-0.3423076923076923
7,2,early_response,fall_duration,13,20,20.0,16.0,-4.0,0.8,decrease,-0.2076923076923077
7,2,early_response,duration,13,20,35.0,29.0,-6.0,0.8285714285714286,decrease,-0.33076923076923076
7,2,early_response,period,12,20,46.0,28.5,-17.5,0.6195652173913043,decrease,-0.2708333333333333
7,2,early_response,amplitude,13,20,0.4962910172748707,0.3391590888776363,-0.1571319283972344,0.6833875227884552,decrease,-0.1076923076923077
7,2,early_response,rising_mean_rate,13,20,0.0413575847729058,0.05652618849951585,0.015168603726610053,1.3667671555266283,increase,0.16923076923076924
7,2,early_response,falling_mean_rate,13,20,0.0450648465015104,0.042927541302945946,-0.0021373051985644556,0.9525726732810946,decrease,-0.05384615384615385
7,2,early_response,peak_rise_rate,13,20,0.0499534382677211,0.024677565702245302,-0.025275872565475796,0.4940113545335566,decrease,-0.2923076923076923
7,2,early_response,peak_fall_rate,13,20,0.0543696096088751,0.0338718408190516,-0.020497768789823505,0.6229921653423548,decrease,-0.14615384615384616
7,2,early_response,temporal_symmetry,13,20,0.6842105263157895,0.7017543859649124,0.01754385964912286,1.0256410256410258,increase,-0.04230769230769231
7,2,post_response,rise_duration,13,40,21.0,19.5,-1.5,0.9285714285714286,decrease,0.015384615384615385
7,2,post_response,fall_duration,13,40,20.0,18.5,-1.5,0.925,decrease,-0.09038461538461538
7,2,post_response,duration,13,40,35.0,37.5,2.5,1.0714285714285714,increase,0.0057692307692307696
7,2,post_response,period,12,40,46.0,36.5,-9.5,0.7934782608695652,decrease,-0.06875
7,2,post_response,amplitude,13,40,0.4962910172748707,0.5344638264461992,0.03817280917132848,1.0769161799077787,increase,0.08846153846153847
7,2,post_response,rising_mean_rate,13,40,0.0413575847729058,0.0434858715739376,0.0021282868010318035,1.0514606162985147,increase,0.0
7,2,post_response,falling_mean_rate,13,40,0.0450648465015104,0.048470160672352894,0.0034053141708424925,1.0755647569048827,increase,0.03076923076923077
7,2,post_response,peak_rise_rate,13,40,0.0499534382677211,0.04309930333695315,-0.006854134930767947,0.8627895262377375,decrease,-0.007692307692307693
7,2,post_response,peak_fall_rate,13,40,0.0543696096088751,0.0421983614506871,-0.012171248158188,0.7761387612354456,decrease,-0.12692307692307692
7,2,post_response,temporal_symmetry,13,40,0.6842105263157895,0.7464285714285714,0.06221804511278195,1.0909340659340658,increase,-0.04423076923076923
7,3,early_response,rise_duration,10,16,23.5,14.0,-9.5,0.5957446808510638,decrease,-0.25
7,3,early_response,fall_duration,10,16,22.5,16.0,-6.5,0.7111111111111111,decrease,-0.15
7,3,early_response,duration,10,16,42.0,39.0,-3.0,0.9285714285714286,decrease,-0.2
7,3,early_response,period,9,16,41.0,40.0,-1.0,0.975609756097561,decrease,-0.0763888888888889
7,3,early_response,amplitude,10,16,0.5560662201291962,0.5695223393355491,0.013456119206352923,1.0241987711521598,increase,-0.1875
7,3,early_response,rising_mean_rate,10,16,0.039909599435562645,0.06568812123072745,0.025778521795164808,1.645922839611216,increase,0.2625
7,3,early_response,falling_mean_rate,10,16,0.058588963841314796,0.04339801626983125,-0.015190947571483544,0.7407199824760948,decrease,-0.2875
7,3,early_response,peak_rise_rate,10,16,0.0635314939641375,0.022686035006790853,-0.04084545895734665,0.3570832919433116,decrease,-0.3
7,3,early_response,peak_fall_rate,10,16,0.05534851092170355,0.04606950477034385,-0.009279006151359702,0.8323531022454089,decrease,-0.0375
7,3,early_response,temporal_symmetry,10,16,0.7061538461538461,0.6274509803921569,-0.07870286576168928,0.8885471399888932,decrease,0.0625
7,3,post_response,rise_duration,10,39,23.5,20.0,-3.5,0.851063829787234,decrease,-0.13333333333333333
7,3,post_response,fall_duration,10,39,22.5,16.0,-6.5,0.7111111111111111,decrease,-0.1564102564102564
7,3,post_response,duration,10,39,42.0,36.0,-6.0,0.8571428571428571,decrease,-0.20512820512820512
7,3,post_response,period,9,39,41.0,33.0,-8.0,0.8048780487804879,decrease,-0.14245014245014245
7,3,post_response,amplitude,10,39,0.5560662201291962,0.5497907178894366,-0.006275502239759589,0.9887144695854722,decrease,-0.15384615384615385
7,3,post_response,rising_mean_rate,10,39,0.039909599435562645,0.0556086717998158,0.015699072364253157,1.3933658214134825,increase,0.046153846153846156
7,3,post_response,falling_mean_rate,10,39,0.058588963841314796,0.0556086717998158,-0.002980292041498994,0.9491321940840094,decrease,-0.09230769230769231
7,3,post_response,peak_rise_rate,10,39,0.0635314939641375,0.052985755849977,-0.0105457381141605,0.8340077108825208,decrease,-0.1794871794871795
7,3,post_response,peak_fall_rate,10,39,0.05534851092170355,0.0539477828051076,-0.001400728116595952,0.9746925781151108,decrease,-0.07179487179487179
7,3,post_response,temporal_symmetry,10,39,0.7061538461538461,0.5168539325842696,-0.18929991356957654,0.7319282269711879,decrease,-0.11025641025641025
7,4,early_response,rise_duration,15,12,14.0,28.5,14.5,2.0357142857142856,increase,0.40555555555555556
7,4,early_response,fall_duration,15,12,15.0,23.0,8.0,1.5333333333333334,increase,0.2611111111111111
7,4,early_response,duration,15,12,31.0,52.0,21.0,1.6774193548387097,increase,0.3111111111111111
7,4,early_response,period,14,12,34.5,63.0,28.5,1.826086956521739,increase,0.47619047619047616
7,4,early_response,amplitude,15,12,0.6590966898102124,1.0060103203036306,0.34691363049341817,1.5263470987744034,increase,0.43333333333333335
7,4,early_response,rising_mean_rate,15,12,0.0728769003449656,0.06204919988527355,-0.010827700459692058,0.8514247942977992,decrease,-0.022222222222222223
7,4,early_response,falling_mean_rate,15,12,0.0447121020850318,0.0769496665947475,0.032237564509715703,1.7210031066847968,increase,0.4777777777777778
7,4,early_response,peak_rise_rate,15,12,0.0345455932830645,0.07332347038807255,0.038777877105008046,2.1225129870332364,increase,0.4888888888888889
7,4,early_response,peak_fall_rate,15,12,0.0310817969485924,0.0843829994242014,0.053301202475608996,2.714868756261624,increase,0.3888888888888889
7,4,early_response,temporal_symmetry,15,12,0.4,0.7516722408026756,0.35167224080267556,1.8791806020066888,increase,0.25555555555555554
7,4,post_response,rise_duration,15,44,14.0,19.0,5.0,1.3571428571428572,increase,0.05303030303030303
7,4,post_response,fall_duration,15,44,15.0,19.0,4.0,1.2666666666666666,increase,0.030303030303030304
7,4,post_response,duration,15,44,31.0,38.0,7.0,1.2258064516129032,increase,-0.013636363636363636
7,4,post_response,period,14,44,34.5,37.5,3.0,1.0869565217391304,increase,0.06818181818181818
7,4,post_response,amplitude,15,44,0.6590966898102124,0.3877133271965931,-0.2713833626136193,0.5882495439451162,decrease,-0.11212121212121212
7,4,post_response,rising_mean_rate,15,44,0.0728769003449656,0.0523188355636619,-0.020558064781303703,0.7179069817186061,decrease,-0.2545454545454545
7,4,post_response,falling_mean_rate,15,44,0.0447121020850318,0.038756343019008196,-0.005955759066023601,0.8667976053843954,decrease,-0.1393939393939394
7,4,post_response,peak_rise_rate,15,44,0.0345455932830645,0.0353346859722023,0.0007890926891378006,1.0228420650550716,increase,0.030303030303030304
7,4,post_response,peak_fall_rate,15,44,0.0310817969485924,0.0351700021888973,0.0040882052403048985,1.1315305304602101,increase,-0.048484848484848485
7,4,post_response,temporal_symmetry,15,44,0.4,0.7385674931129477,0.33856749311294765,1.8464187327823691,increase,0.3196969696969697
7,5,early_response,rise_duration,10,15,31.5,14.0,-17.5,0.4444444444444444,decrease,-0.4066666666666667
7,5,early_response,fall_duration,10,15,27.0,21.0,-6.0,0.7777777777777778,decrease,-0.17333333333333334
7,5,early_response,duration,10,15,53.0,35.0,-18.0,0.660377358490566,decrease,-0.44
7,5,early_response,period,9,15,57.0,38.0,-19.0,0.6666666666666666,decrease,-0.3851851851851852
7,5,early_response,amplitude,10,15,0.7558683050245918,0.7095095460140328,-0.04635875901055897,0.9386682062174168,decrease,-0.14666666666666667
7,5,early_response,rising_mean_rate,10,15,0.0480696070142633,0.0765577507657124,0.028488143751449105,1.5926435750347627,increase,0.30666666666666664
7,5,early_response,falling_mean_rate,10,15,0.06663900842749235,0.0598916738748206,-0.006747334552671749,0.8987479749190251,decrease,-0.12
7,5,early_response,peak_rise_rate,10,15,0.05553977857864535,0.0471024302671594,-0.008437348311485952,0.8480845886063714,decrease,-0.14666666666666667
7,5,early_response,peak_fall_rate,10,15,0.06861265475026809,0.0556244665041049,-0.012988188246163192,0.8107027297888887,decrease,-0.08
7,5,early_response,temporal_symmetry,10,15,0.6708333333333334,0.6666666666666667,-0.004166666666666652,0.9937888198757764,decrease,-0.02
7,5,post_response,rise_duration,10,39,31.5,25.0,-6.5,0.7936507936507936,decrease,-0.34102564102564104
7,5,post_response,fall_duration,10,39,27.0,22.0,-5.0,0.8148148148148148,decrease,-0.05641025641025641
7,5,post_response,duration,10,39,53.0,46.0,-7.0,0.8679245283018868,decrease,-0.2717948717948718
7,5,post_response,period,9,39,57.0,49.0,-8.0,0.8596491228070176,decrease,-0.1737891737891738
7,5,post_response,amplitude,10,39,0.7558683050245918,0.6138872883252589,-0.14198101669933294,0.8121617009794931,decrease,-0.1076923076923077
7,5,post_response,rising_mean_rate,10,39,0.0480696070142633,0.052794274842118,0.004724667827854703,1.0982880477149062,increase,0.02564102564102564
7,5,post_response,falling_mean_rate,10,39,0.06663900842749235,0.0647647179291153,-0.0018742904983770486,0.9718739737789406,decrease,-0.13333333333333333
7,5,post_response,peak_rise_rate,10,39,0.05553977857864535,0.0609440786228788,0.005404300044233451,1.0973050340231527,increase,-0.10256410256410256
7,5,post_response,peak_fall_rate,10,39,0.06861265475026809,0.0544770910508305,-0.014135563699437595,0.7939802249178769,decrease,-0.12307692307692308
7,5,post_response,temporal_symmetry,10,39,0.6708333333333334,0.7272727272727273,0.0564393939393939,1.0841332580463015,increase,0.05384615384615385
12,1,early_response,rise_duration,11,14,24.0,22.5,-1.5,0.9375,decrease,-0.07792207792207792
12,1,early_response,fall_duration,11,14,23.0,21.0,-2.0,0.9130434782608695,decrease,-0.11688311688311688
12,1,early_response,duration,11,14,39.0,42.5,3.5,1.0897435897435896,increase,-0.05844155844155844
12,1,early_response,period,10,14,47.5,43.5,-4.0,0.9157894736842105,decrease,-0.07857142857142857
12,1,early_response,amplitude,11,14,0.9239459583654934,1.9068372932944158,0.9828913349289223,2.0637974288752843,increase,0.7922077922077922
12,1,early_response,rising_mean_rate,11,14,0.0590749977011597,0.14143843452477495,0.08236343682361524,2.3942181976927674,increase,0.6883116883116883
12,1,early_response,falling_mean_rate,11,14,0.0675142830870397,0.2020781092271374,0.1345638261400977,2.9931164190341386,increase,0.8441558441558441
12,1,early_response,peak_rise_rate,11,14,0.0655482819288408,0.17873514623090608,0.11318686430206529,2.726770877457031,increase,0.8571428571428571
12,1,early_response,peak_fall_rate,11,14,0.1049056522359478,0.1825956649111731,0.0776900126752253,1.740570322183302,increase,0.6233766233766234
12,1,early_response,temporal_symmetry,11,14,0.647887323943662,0.7988576091391268,0.15097028519546485,1.2330193532364784,increase,0.15584415584415584
12,1,post_response,rise_duration,11,44,24.0,19.0,-5.0,0.7916666666666666,decrease,-0.30785123966942146
12,1,post_response,fall_duration,11,44,23.0,19.5,-3.5,0.8478260869565217,decrease,-0.1446280991735537
12,1,post_response,duration,11,44,39.0,38.0,-1.0,0.9743589743589743,decrease,-0.23140495867768596
12,1,post_response,period,10,44,47.5,39.0,-8.5,0.8210526315789474,decrease,-0.2818181818181818
12,1,post_response,amplitude,11,44,0.9239459583654934,1.425790637072737,0.5018446787072435,1.5431537138763307,increase,0.5082644628099173
12,1,post_response,rising_mean_rate,11,44,0.0590749977011597,0.13289479396390452,0.07381979626274482,2.249594568520748,increase,0.6239669421487604
12,1,post_response,falling_mean_rate,11,44,0.0675142830870397,0.13213503336015445,0.06462075027311474,1.957141916026945,increase,0.5909090909090909
12,1,post_response,peak_rise_rate,11,44,0.0655482819288408,0.17040195416386722,0.10485367223502642,2.599640282698112,increase,0.7024793388429752
12,1,post_response,peak_fall_rate,11,44,0.1049056522359478,0.15305763191518051,0.04815197967923271,1.4590027196144972,increase,0.5289256198347108
12,1,post_response,temporal_symmetry,11,44,0.647887323943662,0.8356867779204107,0.1877994539767487,1.2898643746162861,increase,0.29958677685950413
12,2,early_response,rise_duration,14,18,14.5,15.0,0.5,1.0344827586206897,increase,-0.051587301587301584
12,2,early_response,fall_duration,14,18,12.5,21.5,9.0,1.72,increase,0.1349206349206349
12,2,early_response,duration,14,18,30.0,34.0,4.0,1.1333333333333333,increase,0.1388888888888889
12,2,early_response,period,13,18,43.0,35.5,-7.5,0.8255813953488372,decrease,-0.038461538461538464
12,2,early_response,amplitude,14,18,0.5797787004679549,1.3713363133260827,0.7915576128581279,2.3652754270193794,increase,0.4365079365079365
12,2,early_response,rising_mean_rate,14,18,0.0516559566686075,0.13348811292713605,0.08183215625852855,2.584176570061664,increase,0.4444444444444444
12,2,early_response,falling_mean_rate,14,18,0.06376959341134644,0.1325385296418372,0.06876893623049077,2.0783969687072648,increase,0.21428571428571427
12,2,early_response,peak_rise_rate,14,18,0.0608247509697548,0.08325494221767255,0.022430191247917744,1.3687674982684466,increase,0.2857142857142857
12,2,early_response,peak_fall_rate,14,18,0.030603473776000048,0.0924958312608396,0.06189235748483955,3.022396474918379,increase,0.48412698412698413
12,2,early_response,temporal_symmetry,14,18,0.4119047619047619,0.7077798861480076,0.2958751242432457,1.7183095501859145,increase,0.36507936507936506
12,2,post_response,rise_duration,14,40,14.5,21.5,7.0,1.4827586206896552,increase,0.23214285714285715
12,2,post_response,fall_duration,14,40,12.5,22.0,9.5,1.76,increase,0.18571428571428572
12,2,post_response,duration,14,40,30.0,42.5,12.5,1.4166666666666667,increase,0.31607142857142856
12,2,post_response,period,13,40,43.0,42.5,-0.5,0.9883720930232558,decrease,0.14807692307692308
12,2,post_response,amplitude,14,40,0.5797787004679549,1.7946620384276457,1.2148833379596908,3.0954259564539472,increase,0.7357142857142858
12,2,post_response,rising_mean_rate,14,40,0.0516559566686075,0.1773305824752195,0.12567462580661198,3.432916432326716,increase,0.5928571428571429
12,2,post_response,falling_mean_rate,14,40,0.06376959341134644,0.14337073831381525,0.0796011449024688,2.2482617599425603,increase,0.44285714285714284
12,2,post_response,peak_rise_rate,14,40,0.0608247509697548,0.20349159877309825,0.14266684780334343,3.3455393656158945,increase,0.6428571428571429
12,2,post_response,peak_fall_rate,14,40,0.030603473776000048,0.16921601454798746,0.13861254077198742,5.529307417404706,increase,0.8464285714285714
12,2,post_response,temporal_symmetry,14,40,0.4119047619047619,0.8138593070346483,0.4019545451298864,1.975843404361574,increase,0.5803571428571429
12,3,early_response,rise_duration,12,16,20.5,21.0,0.5,1.024390243902439,increase,-0.06770833333333333
12,3,early_response,fall_duration,12,16,24.0,18.5,-5.5,0.7708333333333334,decrease,-0.17708333333333334
12,3,early_response,duration,12,16,55.0,44.0,-11.0,0.8,decrease,-0.16666666666666666
12,3,early_response,period,11,16,42.0,36.5,-5.5,0.8690476190476191,decrease,-0.18181818181818182
12,3,early_response,amplitude,12,16,0.6309698983064891,1.5409656332514032,0.9099957349449141,2.4422173504430638,increase,0.8125
12,3,early_response,rising_mean_rate,12,16,0.056916529946475405,0.1416417836670915,0.08472525372061608,2.488587828532276,increase,0.7916666666666666
12,3,early_response,falling_mean_rate,12,16,0.0426748306565164,0.1772719257825163,0.1345970951259999,4.154015916532924,increase,0.96875
12,3,early_response,peak_rise_rate,12,16,0.0521998321563387,0.20754559393803895,0.15534576178170026,3.9759820168854008,increase,0.875
12,3,early_response,peak_fall_rate,12,16,0.0613258501395421,0.19965296046232195,0.13832711032277983,3.2556085241056993,increase,0.6666666666666666
12,3,early_response,temporal_symmetry,12,16,0.7535128805620609,0.823076923076923,0.06956404251486215,1.0923196461658,increase,0.14583333333333334
12,3,post_response,rise_duration,12,39,20.5,21.0,0.5,1.024390243902439,increase,0.0
12,3,post_response,fall_duration,12,39,24.0,23.0,-1.0,0.9583333333333334,decrease,-0.07478632478632478
12,3,post_response,duration,12,39,55.0,43.0,-12.0,0.7818181818181819,decrease,-0.03418803418803419
12,3,post_response,period,11,39,42.0,44.0,2.0,1.0476190476190477,increase,-0.023310023310023312
12,3,post_response,amplitude,12,39,0.6309698983064891,1.8155551649449533,1.1845852666384642,2.877403771270021,increase,0.7051282051282052
12,3,post_response,rising_mean_rate,12,39,0.056916529946475405,0.1388573041652989,0.0819407742188235,2.439665669988684,increase,0.6581196581196581
12,3,post_response,falling_mean_rate,12,39,0.0426748306565164,0.1574407203801456,0.1147658897236292,3.6893109581936807,increase,0.8717948717948718
12,3,post_response,peak_rise_rate,12,39,0.0521998321563387,0.1791014121262378,0.12690157996989912,3.4310725672417566,increase,0.7222222222222222
12,3,post_response,peak_fall_rate,12,39,0.0613258501395421,0.2002047251984095,0.13887887505886742,3.2646057860243203,increase,0.6965811965811965
12,3,post_response,temporal_symmetry,12,39,0.7535128805620609,0.8,0.04648711943793915,1.0616938616938618,increase,-0.00641025641025641
12,4,early_response,rise_duration,15,19,14.0,17.0,3.0,1.2142857142857142,increase,0.0
12,4,early_response,fall_duration,15,19,16.0,19.0,3.0,1.1875,increase,0.07719298245614035
12,4,early_response,duration,15,19,30.0,36.0,6.0,1.2,increase,0.05263157894736842
12,4,early_response,period,14,19,29.5,40.0,10.5,1.3559322033898304,increase,0.015037593984962405
12,4,early_response,amplitude,15,19,0.6994023302761434,1.022970797797825,0.32356846752168167,1.4626356726520027,increase,0.3473684210526316
12,4,early_response,rising_mean_rate,15,19,0.052069818700897,0.133669780561064,0.08159996186016699,2.5671259070230117,increase,0.3894736842105263
12,4,early_response,falling_mean_rate,15,19,0.0802047542169103,0.1363961063730433,0.05619135215613301,1.7005987700450516,increase,0.256140350877193
12,4,early_response,peak_rise_rate,15,19,0.037689772000067,0.0898299198160202,0.052140147815953206,2.3834031104210585,increase,0.37543859649122807
12,4,early_response,peak_fall_rate,15,19,0.0318617354957495,0.0919990021978719,0.0601372667021224,2.8874447912652146,increase,0.4245614035087719
12,4,early_response,temporal_symmetry,15,19,0.6428571428571428,0.8333333333333334,0.19047619047619058,1.2962962962962965,increase,0.3087719298245614
12,4,post_response,rise_duration,15,37,14.0,23.0,9.0,1.6428571428571428,increase,0.3153153153153153
12,4,post_response,fall_duration,15,37,16.0,22.0,6.0,1.375,increase,0.3225225225225225
12,4,post_response,duration,15,37,30.0,46.0,16.0,1.5333333333333334,increase,0.3171171171171171
12,4,post_response,period,14,37,29.5,46.0,16.5,1.5593220338983051,increase,0.2799227799227799
12,4,post_response,amplitude,15,37,0.6994023302761434,1.5724132736152114,0.873010943339068,2.2482242416812928,increase,0.6504504504504505
12,4,post_response,rising_mean_rate,15,37,0.052069818700897,0.1518096253919697,0.09973980669107271,2.9155013245581842,increase,0.5243243243243243
12,4,post_response,falling_mean_rate,15,37,0.0802047542169103,0.1602788801799579,0.0800741259630476,1.9983713153274003,increase,0.5423423423423424
12,4,post_response,peak_rise_rate,15,37,0.037689772000067,0.1729426122041331,0.13525284020406608,4.588582074835201,increase,0.8054054054054054
12,4,post_response,peak_fall_rate,15,37,0.0318617354957495,0.1741215500329417,0.1422598145371922,5.464911039016387,increase,0.7261261261261261
12,4,post_response,temporal_symmetry,15,37,0.6428571428571428,0.8571428571428572,0.2142857142857144,1.3333333333333335,increase,0.5351351351351351
12,5,early_response,rise_duration,14,15,19.0,20.0,1.0,1.0526315789473684,increase,0.0380952380952381
12,5,early_response,fall_duration,14,15,17.5,21.0,3.5,1.2,increase,0.17142857142857143
12,5,early_response,duration,14,15,44.0,41.0,-3.0,0.9318181818181818,decrease,-0.004761904761904762
12,5,early_response,period,13,15,41.0,39.0,-2.0,0.9512195121951219,decrease,0.06666666666666667
12,5,early_response,amplitude,14,15,0.6488415180550646,1.9202031851455104,1.2713616670904457,2.95943328488198,increase,0.8095238095238095
12,5,early_response,rising_mean_rate,14,15,0.05637053467083315,0.192020318514551,0.13564978384371784,3.4063951962815926,increase,0.8857142857142857
12,5,early_response,falling_mean_rate,14,15,0.0436358523719149,0.1828764938233819,0.139240641451467,4.190968753507968,increase,0.780952380952381
12,5,early_response,peak_rise_rate,14,15,0.05072495204317415,0.2356355972593974,0.18491064521622325,4.645358699577241,increase,0.6857142857142857
12,5,early_response,peak_fall_rate,14,15,0.05649761937963825,0.2439925432471227,0.18749492386748445,4.318634057969842,increase,0.8380952380952381
12,5,early_response,temporal_symmetry,14,15,0.7145691609977324,0.9189189189189187,0.20434975792118637,1.2859761784791532,increase,0.23333333333333334
12,5,post_response,rise_duration,14,39,19.0,22.0,3.0,1.1578947368421053,increase,0.21794871794871795
12,5,post_response,fall_duration,14,39,17.5,21.0,3.5,1.2,increase,0.17399267399267399
12,5,post_response,duration,14,39,44.0,43.0,-1.0,0.9772727272727273,decrease,0.11355311355311355
12,5,post_response,period,13,39,41.0,46.0,5.0,1.1219512195121952,increase,0.2564102564102564
12,5,post_response,amplitude,14,39,0.6488415180550646,2.052864795258074,1.4040232772030095,3.16389247317533,increase,0.8644688644688645
12,5,post_response,rising_mean_rate,14,39,0.05637053467083315,0.1607089334560214,0.10433839878518826,2.850938604617747,increase,0.8241758241758241
12,5,post_response,falling_mean_rate,14,39,0.0436358523719149,0.1720828740245344,0.1284470216526195,3.9436120683021456,increase,0.8498168498168498
12,5,post_response,peak_rise_rate,14,39,0.05072495204317415,0.2097953453759601,0.15907039333278594,4.135939748102559,increase,0.8644688644688645
12,5,post_response,peak_fall_rate,14,39,0.05649761937963825,0.1950263978151724,0.13852877843553413,3.451940098655908,increase,0.8241758241758241
12,5,post_response,temporal_symmetry,14,39,0.7145691609977324,0.8148148148148149,0.1002456538170825,1.1402882454052625,increase,0.07509157509157509
14,1,early_response,rise_duration,12,24,25.5,3.5,-22.0,0.13725490196078433,decrease,-0.3958333333333333
14,1,early_response,fall_duration,12,24,21.5,3.0,-18.5,0.13953488372093023,decrease,-0.4861111111111111
14,1,early_response,duration,12,24,39.5,24.5,-15.0,0.620253164556962,decrease,-0.5
14,1,early_response,period,11,24,53.0,25.0,-28.0,0.4716981132075472,decrease,-0.5113636363636364
14,1,early_response,amplitude,12,24,0.7421947788487842,0.3610873263952499,-0.3811074524535343,0.4865128894538051,decrease,-0.3402777777777778
14,1,early_response,rising_mean_rate,12,24,0.060364857396258145,0.0533431691053523,-0.007021688290905846,0.8836792035337252,decrease,-0.11805555555555555
14,1,early_response,falling_mean_rate,12,24,0.0588401600335252,0.06691983345089715,0.008079673417371952,1.13731562614324,increase,0.2569444444444444
14,1,early_response,peak_rise_rate,12,24,0.06548735962351196,0.018173591453000848,-0.04731376817051111,0.27751296673863723,decrease,-0.4097222222222222
14,1,early_response,peak_fall_rate,12,24,0.0753911677270707,0.0171157955981243,-0.0582753721289464,0.22702653525790306,decrease,-0.4513888888888889
14,1,early_response,temporal_symmetry,12,24,0.7224857685009488,0.4807692307692307,-0.24171653773171808,0.665437648366079,decrease,-0.2569444444444444
14,1,post_response,rise_duration,12,66,25.5,6.5,-19.0,0.2549019607843137,decrease,-0.38257575757575757
14,1,post_response,fall_duration,12,66,21.5,6.5,-15.0,0.3023255813953488,decrease,-0.5088383838383839
14,1,post_response,duration,12,66,39.5,18.5,-21.0,0.46835443037974683,decrease,-0.5113636363636364
14,1,post_response,period,11,66,53.0,22.0,-31.0,0.41509433962264153,decrease,-0.5426997245179064
14,1,post_response,amplitude,12,66,0.7421947788487842,0.2031005603688527,-0.5390942184799314,0.2736485975876593,decrease,-0.49747474747474746
14,1,post_response,rising_mean_rate,12,66,0.060364857396258145,0.059613044284118094,-0.0007518131121400512,0.9875455166371907,decrease,-0.1388888888888889
14,1,post_response,falling_mean_rate,12,66,0.0588401600335252,0.05374249566755045,-0.005097664365974752,0.9133641995013224,decrease,0.1388888888888889
14,1,post_response,peak_rise_rate,12,66,0.06548735962351196,0.022025355184200603,-0.04346200443931136,0.336329870540281,decrease,-0.42424242424242425
14,1,post_response,peak_fall_rate,12,66,0.0753911677270707,0.0208662130371067,-0.054524954689964,0.2767726467992387,decrease,-0.494949494949495
14,1,post_response,temporal_symmetry,12,66,0.7224857685009488,0.6157894736842104,-0.10669629481673837,0.8523205584545736,decrease,-0.0707070707070707
14,2,early_response,rise_duration,15,21,20.0,4.0,-16.0,0.2,decrease,-0.38412698412698415
14,2,early_response,fall_duration,15,21,19.0,11.0,-8.0,0.5789473684210527,decrease,-0.24126984126984127
14,2,early_response,duration,15,21,42.0,29.0,-13.0,0.6904761904761905,decrease,-0.3142857142857143
14,2,early_response,period,14,21,41.0,26.0,-15.0,0.6341463414634146,decrease,-0.19727891156462585
14,2,early_response,amplitude,15,21,0.5173590905710626,0.3358803465735036,-0.18147874399755898,0.649220923522882,decrease,-0.1746031746031746
14,2,early_response,rising_mean_rate,15,21,0.053306029744192,0.0601625521088635,0.006856522364671505,1.1286256432447694,increase,0.21904761904761905
14,2,early_response,falling_mean_rate,15,21,0.0544588516390592,0.0618864872435551,0.0074276356044959,1.136389868330764,increase,0.18095238095238095
14,2,early_response,peak_rise_rate,15,21,0.0576050968806157,0.0158814846870427,-0.041723612193573,0.27569582462392955,decrease,-0.3904761904761905
14,2,early_response,peak_fall_rate,15,21,0.0620885093313972,0.0326517347840763,-0.029436774547320903,0.5258901387017971,decrease,-0.2634920634920635
14,2,early_response,temporal_symmetry,15,21,0.8095238095238095,0.6111111111111112,-0.19841269841269837,0.7549019607843138,decrease,-0.42857142857142855
14,2,post_response,rise_duration,15,60,20.0,6.0,-14.0,0.3,decrease,-0.35
14,2,post_response,fall_duration,15,60,19.0,3.0,-16.0,0.15789473684210525,decrease,-0.3233333333333333
14,2,post_response,duration,15,60,42.0,26.5,-15.5,0.6309523809523809,decrease,-0.2911111111111111
14,2,post_response,period,14,60,41.0,23.0,-18.0,0.5609756097560976,decrease,-0.40476190476190477
14,2,post_response,amplitude,15,60,0.5173590905710626,0.44761409729528623,-0.06974499327577632,0.8651903589849139,decrease,-0.09333333333333334
14,2,post_response,rising_mean_rate,15,60,0.053306029744192,0.057108470282969295,0.0038024405387772978,1.0713322781123387,increase,0.26
14,2,post_response,falling_mean_rate,15,60,0.0544588516390592,0.06836216129441136,0.013903309655352164,1.2552993542261985,increase,0.35555555555555557
14,2,post_response,peak_rise_rate,15,60,0.0576050968806157,0.01895662250658455,-0.03864847437403115,0.3290789102546153,decrease,-0.3888888888888889
14,2,post_response,peak_fall_rate,15,60,0.0620885093313972,0.02775453946458125,-0.03433396986681595,0.4470157161680512,decrease,-0.29333333333333333
14,2,post_response,temporal_symmetry,15,60,0.8095238095238095,0.6137254901960785,-0.19579831932773106,0.7581314878892734,decrease,-0.38222222222222224
14,3,early_response,rise_duration,11,20,24.0,17.5,-6.5,0.7291666666666666,decrease,-0.2636363636363636
14,3,early_response,fall_duration,11,20,22.0,14.5,-7.5,0.6590909090909091,decrease,-0.4
14,3,early_response,duration,11,20,44.0,31.0,-13.0,0.7045454545454546,decrease,-0.4909090909090909
14,3,early_response,period,10,20,52.5,37.5,-15.0,0.7142857142857143,decrease,-0.515
14,3,early_response,amplitude,11,20,0.6330871405509697,0.6294327627776966,-0.003654377773273154,0.9942276859863355,decrease,-0.18181818181818182
14,3,early_response,rising_mean_rate,11,20,0.0740048366018196,0.06483484453334701,-0.00916999206847259,0.8760892870041534,decrease,0.03636363636363636
14,3,early_response,falling_mean_rate,11,20,0.0510600529957325,0.06127250921198785,0.010212456216255349,1.2000087273138726,increase,0.2545454545454545
14,3,early_response,peak_rise_rate,11,20,0.0734244952619519,0.05219509262037715,-0.021229402641574746,0.7108675712943486,decrease,-0.2909090909090909
14,3,early_response,peak_fall_rate,11,20,0.0615431804353193,0.04287692478430925,-0.018666255651010044,0.696696603604555,decrease,-0.23636363636363636
14,3,early_response,temporal_symmetry,11,20,0.7173913043478262,0.5,-0.21739130434782616,0.6969696969696969,decrease,-0.32272727272727275
14,3,post_response,rise_duration,11,54,24.0,11.5,-12.5,0.4791666666666667,decrease,-0.3552188552188552
14,3,post_response,fall_duration,11,54,22.0,6.5,-15.5,0.29545454545454547,decrease,-0.4713804713804714
14,3,post_response,duration,11,54,44.0,24.0,-20.0,0.5454545454545454,decrease,-0.4730639730639731
14,3,post_response,period,10,54,52.5,25.5,-27.0,0.4857142857142857,decrease,-0.5296296296296297
14,3,post_response,amplitude,11,54,0.6330871405509697,0.29328624751587995,-0.33980089303508976,0.46326363107081237,decrease,-0.4006734006734007
14,3,post_response,rising_mean_rate,11,54,0.0740048366018196,0.056636891428986896,-0.017367945172832702,0.7653133772015427,decrease,-0.06734006734006734
14,3,post_response,falling_mean_rate,11,54,0.0510600529957325,0.0673411106922306,0.016281057696498104,1.3188609635375592,increase,0.2760942760942761
14,3,post_response,peak_rise_rate,11,54,0.0734244952619519,0.024223299972641103,-0.049201195289310794,0.3299076130686521,decrease,-0.41414141414141414
14,3,post_response,peak_fall_rate,11,54,0.0615431804353193,0.02892622461583865,-0.032616955819480646,0.47001510827409315,decrease,-0.3367003367003367
14,3,post_response,temporal_symmetry,11,54,0.7173913043478262,0.55,-0.16739130434782612,0.7666666666666666,decrease,-0.09427609427609428
14,4,early_response,rise_duration,8,16,31.5,16.0,-15.5,0.5079365079365079,decrease,-0.234375
14,4,early_response,fall_duration,8,16,38.5,17.0,-21.5,0.44155844155844154,decrease,-0.5859375
14,4,early_response,duration,8,16,68.5,38.5,-30.0,0.5620437956204379,decrease,-0.4453125
14,4,early_response,period,7,16,66.0,38.5,-27.5,0.5833333333333334,decrease,-0.6607142857142857
14,4,early_response,amplitude,8,16,0.800958216935328,0.45440748790292673,-0.34655072903240125,0.5673298285665969,decrease,-0.359375
14,4,early_response,rising_mean_rate,8,16,0.06174033053971985,0.054637460845865,-0.007102869693854846,0.8849557553099703,decrease,-0.25
14,4,early_response,falling_mean_rate,8,16,0.041577939749109796,0.06895145942485105,0.027373519675741254,1.6583664279884704,increase,0.53125
14,4,early_response,peak_rise_rate,8,16,0.0800721635562695,0.0499437205638514,-0.030128442992418104,0.6237338713690957,decrease,-0.453125
14,4,early_response,peak_fall_rate,8,16,0.07735965739800575,0.057025727032782844,-0.020333930365222908,0.7371507184861564,decrease,-0.28125
14,4,early_response,temporal_symmetry,8,16,0.867630700778643,0.6643192488262911,-0.2033114519523519,0.7656705188395329,decrease,-0.390625
14,4,post_response,rise_duration,8,66,31.5,9.5,-22.0,0.30158730158730157,decrease,-0.5795454545454546
14,4,post_response,fall_duration,8,66,38.5,5.0,-33.5,0.12987012987012986,decrease,-0.7954545454545454
14,4,post_response,duration,8,66,68.5,21.5,-47.0,0.31386861313868614,decrease,-0.7727272727272727
14,4,post_response,period,7,66,66.0,22.0,-44.0,0.3333333333333333,decrease,-0.9502164502164502
14,4,post_response,amplitude,8,66,0.800958216935328,0.32252305886413524,-0.47843515807119275,0.4026715152485624,decrease,-0.5568181818181818
14,4,post_response,rising_mean_rate,8,66,0.06174033053971985,0.05368778149496885,-0.008052549044751,0.8695739239755041,decrease,-0.06818181818181818
14,4,post_response,falling_mean_rate,8,66,0.041577939749109796,0.06377624194494724,0.022198302195837447,1.5338961557447715,increase,0.5757575757575758
14,4,post_response,peak_rise_rate,8,66,0.0800721635562695,0.02954814662082295,-0.05052401693544656,0.3690189612531006,decrease,-0.49242424242424243
14,4,post_response,peak_fall_rate,8,66,0.07735965739800575,0.021972481083344,-0.05538717631466175,0.2840302274129568,decrease,-0.5643939393939394
14,4,post_response,temporal_symmetry,8,66,0.867630700778643,0.6410256410256411,-0.22660505975300194,0.7388231426692965,decrease,-0.4090909090909091
14,5,early_response,rise_duration,14,34,18.0,3.0,-15.0,0.16666666666666666,decrease,-0.43487394957983194
14,5,early_response,fall_duration,14,34,17.5,2.0,-15.5,0.11428571428571428,decrease,-0.4579831932773109
14,5,early_response,duration,14,34,36.0,9.0,-27.0,0.25,decrease,-0.49789915966386555
14,5,early_response,period,13,34,30.0,8.5,-21.5,0.2833333333333333,decrease,-0.4321266968325792
14,5,early_response,amplitude,14,34,0.44521536743502566,0.13909246828779942,-0.30612289914722624,0.3124161438746798,decrease,-0.40336134453781514
14,5,early_response,rising_mean_rate,14,34,0.05518687937114915,0.058172655995349445,0.002985776624200298,1.0541030161194658,increase,0.12605042016806722
14,5,early_response,falling_mean_rate,14,34,0.06496082492340124,0.07099670992944306,0.006035885006041811,1.0929157690524873,increase,0.15966386554621848
14,5,early_response,peak_rise_rate,14,34,0.03382423702410045,0.0188533451196235,-0.014970891904476952,0.5573915859858157,decrease,-0.31512605042016806
14,5,early_response,peak_fall_rate,14,34,0.0392036534432918,0.01536544883856545,-0.023838204604726347,0.3919392069106931,decrease,-0.24789915966386555
14,5,early_response,temporal_symmetry,14,34,0.6016260162601627,0.6666666666666667,0.06504065040650409,1.1081081081081081,increase,0.14915966386554622
14,5,post_response,rise_duration,14,69,18.0,5.0,-13.0,0.2777777777777778,decrease,-0.34782608695652173
14,5,post_response,fall_duration,14,69,17.5,6.0,-11.5,0.34285714285714286,decrease,-0.2194616977225673
14,5,post_response,duration,14,69,36.0,17.0,-19.0,0.4722222222222222,decrease,-0.36853002070393376
14,5,post_response,period,13,69,30.0,21.0,-9.0,0.7,decrease,-0.26421404682274247
14,5,post_response,amplitude,14,69,0.44521536743502566,0.2117388560038762,-0.23347651143114945,0.4755874830281486,decrease,-0.2753623188405797
14,5,post_response,rising_mean_rate,14,69,0.05518687937114915,0.0681436451998251,0.012956765828675956,1.2347798240508876,increase,0.2153209109730849
14,5,post_response,falling_mean_rate,14,69,0.06496082492340124,0.0583430811547519,-0.006617743768649348,0.8981271593078954,decrease,0.018633540372670808
14,5,post_response,peak_rise_rate,14,69,0.03382423702410045,0.0186695735485045,-0.01515466347559595,0.5519584532003502,decrease,-0.2277432712215321
14,5,post_response,peak_fall_rate,14,69,0.0392036534432918,0.0197983248652235,-0.019405328578068298,0.5050122406030815,decrease,-0.14492753623188406
14,5,post_response,temporal_symmetry,14,69,0.6016260162601627,0.6666666666666667,0.06504065040650409,1.1081081081081081,increase,0.07763975155279502
